PPMI Name,New Name
ABACAVIR,Abacavir Sulfate
EPZICOM,Abacavir Sulfate/ Lamivudine 
ABREVA,Abreva
ACARBOSE,Acarbose 
ACEBUTOLOL,Acebutolol Hydrochloride
ACENOCOUMAROL,Acenocoumarol
ACENOCUMAROL,Acenocoumarol
ACETAMINOPHEN,Acetaminophen
ALVEDON,Acetaminophen
BENADRYL,Acetaminophen
CAMGESIC,Acetaminophen
DAYQUIL,Acetaminophen
ECOTRIN,Acetaminophen
EXCEDRIN,Acetaminophen
EXCEDRIN MIGRAINE,Acetaminophen
NYQUIL,Acetaminophen
ROBITUSSIN,Acetaminophen
SINUSITIS N,Acetaminophen
SUDAFED,Acetaminophen
THERAFLU,Acetaminophen
TYLENOL,Acetaminophen
TYLENOL ARTHRITIS,Acetaminophen
TYLENOL COLD,Acetaminophen
TYLENOL ER,Acetaminophen
TYLENOL EXTRA STRENGTH,Acetaminophen
TYLENOL PM,Acetaminophen
VICKS COUGH,Acetaminophen
DI-NEUMOBRON,Acetaminophen Suppositories
ACETAMINOPHEN W/CODEINE,Acetaminophen/ Codeine Phosphate 
CODEINE PHOSPHATE,Acetaminophen/ Codeine Phosphate 
EPIDRIN,Acetaminophen/ Dichloralphenazone/ Isometheptene
DIAMOX,Acetazolamide 
ACETYLCYSTEIN,Acetylcysteine 
ACETYLCYSTEINE,Acetylcysteine 
AAS,Acetylsalicylic Acid
ACETOSAL,Acetylsalicylic Acid
ACETYLSALICYLATE LYSINE,Acetylsalicylic Acid
ACETYLSALICYLATE SODIUM,Acetylsalicylic Acid
ACETYLSALICYLIC ACID,Acetylsalicylic Acid
ACIDO ACETILSALICILICO,Acetylsalicylic Acid
ADIRO,Acetylsalicylic Acid
ALBYL,Acetylsalicylic Acid
ASA,Acetylsalicylic Acid
ASS,Acetylsalicylic Acid
ASS AL,Acetylsalicylic Acid
BUFFERIN,Acetylsalicylic Acid
MICROPIRIN,Acetylsalicylic Acid
MOBILAT,Acetylsalicylic Acid
SALICYLIC ACID,Acetylsalicylic Acid
TEVAPIRIN,Acetylsalicylic Acid
NEOTIGASON,Acitretin 
ACICLOVIR,Acyclovir 
ACYCLOVIR,Acyclovir 
ZOVIRAX,Acyclovir 
HUMERA,Adalimumab 
HUMIRA,Adalimumab 
ADAPALENE,Adapalene 
MANNITOL,Unidentified/Other
XYLITOL,Additive
AFLIBERCEPT,Aflibercept 
EYLEA,Aflibercept 
BROVANA,Aformoterol
AGLANDIN,Aglandin
AGOMELATIN,Agomelatine
AGOMELATINE,Agomelatine
VALDOXAN,Agomelatine
ALBUTEROL,Albuterol Sulfate
ALBUTEROL HFA,Albuterol Sulfate
ALBUTEROL SULFATE,Albuterol Sulfate
PROAIR,Albuterol Sulfate
PRO-AIR,Albuterol Sulfate
PROAIR HFA,Albuterol Sulfate
PROVENTIL,Albuterol Sulfate
SALBUTAMOL,Albuterol Sulfate
VENTOLIN HFA,Albuterol Sulfate
LASTACAFT,Alcaftadine 
ALCLOMETASONE,Alclometasone Dipropionate
ACIDO ALENDRONICO,Alendronate Sodium
ALENDRONATE,Alendronate Sodium
ALENDRONATE SODIUM,Alendronate Sodium
ALENDRONATO SODICO,Alendronate Sodium
ALENDRONIC ACID,Alendronate Sodium
FOSAMAX,Alendronate Sodium
FOSAMAX D,Alendronate Sodium
ALFUZOSIN,Alfuzosin Hydrochloride
ALFUZOSINE,Alfuzosin Hydrochloride
UROXATRAL,Alfuzosin Hydrochloride
XATRAL,Alfuzosin Hydrochloride
ALIROCUMAB,Alirocumab 
ALLOPURINOL,Allopurinol 
ALLORIL,Alloril
AXERT,Almotriptan Malate
ALOGLIPTIN,Alogliptin  
KAZANO,Alogliptin/ Metformin Hydrochloride 
ALOPURINOL,Alopurinol
ALPRAZOLAM,Alprazolam 
METOCARBAMOL,Alprazolam 
XANAX,Alprazolam 
XANOR,Alprazolam 
ALPROSTADIL,Alprostadil 
AMANTADIN,Amantadine Hydrochloride
AMANTADINA,Amantadine Hydrochloride
AMANTADINE,Amantadine Hydrochloride
AMANTADINE HCL,Amantadine Hydrochloride
AMANTADINE HYDROCHLORIDE,Amantadine Hydrochloride
MANTADIX,Amantadine Hydrochloride
PK MERZ,Amantadine Hydrochloride
PK-MERZ,Amantadine Hydrochloride
SYMMETREL,Amantadine Hydrochloride
AMBROXOL,Ambroxol
MUCOSOLVAN,Ambroxol
AMILORIDE,Amiloride Hydrochloride
AMILORIDE HCL W/HYDROCHLOROTHIAZIDE,Amiloride Hydrochloride/ Hydrochlorothiazide 
AMINOPHENAZONE W/CAFFEINE/PHENACETIN/SALICYLA,Aminophenazone
PHYLLOCONTIN CONTINUS,Aminophylline 
AMIODARON,Amiodarone Hydrochloride
AMIODARONA,Amiodarone Hydrochloride
AMIODARONE,Amiodarone Hydrochloride
AMLOR,Amiodarone Hydrochloride
AMLOW,Amiodarone Hydrochloride
PACERONE,Amiodarone Hydrochloride
SEDACORON,Amiodarone Hydrochloride
AMITRIPTILINA,Amitriptyline Hydrochloride
AMITRIPTYLIN,Amitriptyline Hydrochloride
AMITRIPTYLINE,Amitriptyline Hydrochloride
AMITRIPTYLINE HCL,Amitriptyline Hydrochloride
ELATROL,Amitriptyline Hydrochloride
ELAVIL,Amitriptyline Hydrochloride
TRYPTIZOL,Amitriptyline Hydrochloride
AMLODINE,Amlodipine Besylate
AMLODIPIN,Amlodipine Besylate
AMLODIPINE,Amlodipine Besylate
AMLODIPINE BESILATE,Amlodipine Besylate
AMLODIPINE BESYLATE,Amlodipine Besylate
AMLODIPINO,Amlodipine Besylate
NORVASC,Amlodipine Besylate
AMLODIPINE W/BENAZEPRIL,Amlodipine/ Benazepril Hydrochloride 
LOTREL,Amlodipine/ Benazepril Hydrochloride 
AZOR,Amlodipine/ Olmesartan Medoxomil 
SEVIKAR,Amlodipine/ Olmesartan Medoxomil 
SEVIKAR HCT,Amlodipine/ Olmesartan Medoxomil 
TRIBENZOR,Amlodipine/ Olmesartan Medoxomil 
VOCADO,Amlodipine/ Olmesartan Medoxomil 
VOCADO HCT,Amlodipine/ Olmesartan Medoxomil 
AMLODIPINE W/VALSARTAN,Amlodipine/ Valsartan 
EXFORGE,Amlodipine/ Valsartan 
EXFORGE HCT,Amlodipine/ Valsartan/ Hydrochlorothiazide 
AMMONIUM CHLORIDE W/DROSERA ROTUNDIFOLIA HERB,Ammonium Chloride
AMOROLFINE,Amorolfine
AMOX,Amoxicillin 
AMOXICILLIN,Amoxicillin 
AMOXICILLINE SODIUM,Amoxicillin 
AMOXICLAV,Amoxicillin 
AMOXYCILLIN,Amoxicillin 
ZAMOCILLINE,Amoxicillin 
AMOXICILINA + CLAVUL POTASSIO,Amoxicillin/ Clavulanate Potassium 
AMOXICILLIN AND CLAVULA. POTASSIUM,Amoxicillin/ Clavulanate Potassium 
AMOXICILLIN AND CLAVULANATE POTASSIUM,Amoxicillin/ Clavulanate Potassium 
AUGMENTIN,Amoxicillin/ Clavulanate Potassium 
CLAVULANIC ACID,Amoxicillin/ Clavulanate Potassium 
ADDERALL,Amphetamine 
AMPHETAMINE,Amphetamine 
AMPHETAMINE SALTS,Amphetamine 
AMPICILLIN,Ampicillin 
UNACID,Ampicillin Sodium/ Sulbactam Sodium 
ANAGRELIDE,Anagrelide 
ANALGESIA,"Analgesics, Other"
ANASTROZOLE,Anastrozole 
ARIMIDEX,Anastrozole 
LOCAL ANESTHETICS,"Anesthetics, Other"
NEUROTROPAN,"Anesthetics, Other"
ANTACID,Antacid
ANTACIDS,Antacid
"ANTACIDS, OTHER COMBINATIONS",Antacid
BEANO,Antacid
BISMUTH SUBSALICYLATE,Antacid
LACTAID,Antacid
RIOPAN,Antacid
TUMS,Antacid
TUMS ANTACID,Antacid
ANTIBIOTICS,"Antibacterials, Other"
STEROID ANTIBACTERIALS,"Antibacterials, Other"
ANTIDEPRESSANTS,"Antidepressants, Other"
ANTIEPILEPTICS,"Antiepileptics, Other"
CANDIDA ALBICANS,"Antifungals, Other"
DETOXIFYING AGENTS FOR ANTINEOPLASTIC TREATME,"Antineoplastics, Other"
ANTIPSYCHOTICS,"Antipsychotics, Other"
APIXABAN,Apixaban  
ELIQUIS,Apixaban  
APO-GO,Apomorphine Hydrochloride
APOKYN,Apomorphine Hydrochloride
APOMORPHINE,Apomorphine Hydrochloride
OTEZLA,Apremilast 
APREPITANT,Aprepitant 
ABILIFY,Aripiprazole 
ARIPIPRAZOL,Aripiprazole 
ARIPIPRAZOLE,Aripiprazole 
ARMODAFINIL,Armodafinil
NUVIGIL,Armodafinil
ARTEMISININ,Artemisinin
ASPIRIN,Aspirin 
ASPIRINE,Aspirin 
ASPRIN,Aspirin 
BABY ASPIRIN,Aspirin 
BAYER ADVANCED ASPIRIN,Aspirin 
KARDEGIC,Aspirin 
ATENOLOL,Atenolol 
ATENOLOL/CHLORTHALIDONE,Atenolol 
NORMALOL,Atenolol 
NORMITEN,Atenolol 
ATOMOXETINE,Atomoxetine Hydrochloride
STRATTERA,Atomoxetine Hydrochloride
ATORVALAN,Atorvastatin Calcium
ATORVASTATIN,Atorvastatin Calcium
ATORVASTATIN CALCIUM,Atorvastatin Calcium
ATORVASTATINA,Atorvastatin Calcium
ATORVASTATINE,Atorvastatin Calcium
ATORVASTIN,Atorvastatin Calcium
ATOZET,Atorvastatin Calcium
LIPITOR,Atorvastatin Calcium
LITORVA,Atorvastatin Calcium
SORTIS,Atorvastatin Calcium
STATIN,Atorvastatin Calcium
STATOR,Atorvastatin Calcium
ATOVAQUONE,Atovaquone 
MALARONE,Atovaquone/ Proguanil Hydrochloride 
ATROPINE,Atropine Sulfate
ATROPINE SULFATE,Atropine Sulfate
OXYFERRISCORBONE SODIQUE ATROPINE,Atropine Sulfate
GOLD PREPARATIONS,Auranofin 
STENDRA,Avanafil 
AZACITIDINE,Azacitidine
AZATHIOPRINE,Azathioprine 
AZATIOPRINA,Azathioprine 
AZADERM,Azelaic Acid 
AZELAIC ACID,Azelaic Acid 
FINACEA,Azelaic Acid 
ASTELIN,Azelastine Hydrochloride
ASTEPRO,Azelastine Hydrochloride
AZELASTINE,Azelastine Hydrochloride
AZELASTINE HCL,Azelastine Hydrochloride
AZELASTINE HYDROCHLORIDE,Azelastine Hydrochloride
DYMISTA,Azelastine Hydrochloride/ Fluticasone Propionate 
EDARBYCLOR,Azilsartan Medoxomil/ Chlorthalidone 
AZITHROBETA,Azithromycin 
AZITHROMYCIN,Azithromycin 
ZITHROMAX,Azithromycin 
ZITHROMAX Z-PAK,Azithromycin 
BACITRACIN,Bacitracin 
POLYSPORIN,Bacitracin 
BACLOFEN,Baclofen 
BALSALAZIDE,Balsalazide Disodium
BALSALAZIDE DISODIUM,Balsalazide Disodium
BARNIDIPINE,Barnidipine
BCG VACCINE,BCG vaccine
BECLOMETASONE DIPROPIONATE,Beclomethasone Dipropionate
BECLOMETHASONE DIPROPIONATE,Beclomethasone Dipropionate
QVAR,Beclomethasone Dipropionate
BENAZEPRIL,Benazepril Hydrochloride
BENAZEPRIL HCL,Benazepril Hydrochloride
BENAZEPRIL HCT,Benazepril Hydrochloride/ Hydrochlorothiazide 
BENAZEPRIL W/HYDROCHLOROTHIAZIDE,Benazepril Hydrochloride/ Hydrochlorothiazide 
AKTIPAR,Benserazide Hydrochloride/ Levodopa
BENSERAZIDE,Benserazide Hydrochloride/ Levodopa
BENSERAZIDE HYDROCHLORIDE W/LEVODOPA,Benserazide Hydrochloride/ Levodopa
BENSERAZIDE W/LEVODOPA,Benserazide Hydrochloride/ Levodopa
LEVODOPA BENSERAZIDE,Benserazide Hydrochloride/ Levodopa
LEVODOPA BENSERAZIDE HYDROCHLO,Benserazide Hydrochloride/ Levodopa
LEVODOPA/ BENSERAZIDE,Benserazide Hydrochloride/ Levodopa
LEVODOPA/BENSERAZID RATIOPHARM,Benserazide Hydrochloride/ Levodopa
LEVODOPA/BENSERAZIDE,Benserazide Hydrochloride/ Levodopa
LEVOPAR,Benserazide Hydrochloride/ Levodopa
LEVOPAR PLUS,Benserazide Hydrochloride/ Levodopa
MADOPAR,Benserazide Hydrochloride/ Levodopa
MADOPAR CR,Benserazide Hydrochloride/ Levodopa
MADOPAR DEPOT,Benserazide Hydrochloride/ Levodopa
MADOPAR LT,Benserazide Hydrochloride/ Levodopa
MADOPARK,Benserazide Hydrochloride/ Levodopa
RESTEX,Benserazide Hydrochloride/ Levodopa
BENZODODECINIUM,Benzododecinium Bromide
BENZONATATE,Benzonatate 
BENZOYL PEROXIDE,Benzoyl Peroxide 
BENZOTROPINE,Benztropine Mesylate
BENZTROPINE,Benztropine Mesylate
BENZTROPINE MESYLATE,Benztropine Mesylate
COGENTIN,Benztropine Mesylate
BETAHISTIN,Betahistine Dihydrochloride
BETAHISTINA,Betahistine Dihydrochloride
BETAHISTINE,Betahistine Dihydrochloride
BETAINE,Betaine Hydrochloride
BETAINE HYDROCHLORIDE,Betaine Hydrochloride
BETAMETASONE DIPROPIONATO,Betamethasone Dipropionate
BETAMETHASONE,Betamethasone Dipropionate
BETAMETHASONE DIPROPIONATE,Betamethasone Dipropionate
CELESTONE,Betamethasone Dipropionate
BETAMETHASONE VALERATE,Betamethasone Valerate
AVASTIN,Bevacizumab 
BEZAFIBRATE,Bezafibrate
BEZAFIBRATO,Bezafibrate
BICALUTAMIDE,Bicalutamide 
CADEX,Bicalutamide 
DIMALAN,Bicalutamide 
BILAXTEN,Bilastine
LUMIGAN,Bimatoprost 
GANFORT,Bimatoprost/ Timolol Maleate
AKINETON,Biperiden
BIPERIDEN,Biperiden
BIPERIDEN HYDROCHLORIDE,Biperiden
DEKINET,Biperiden
BISMUTH SUBCITRATE,Bismuth Subcitrate Potassium/ Metronidazole/ Tetracycline Hydrochloride  
PEPTO-BISMOL,Bismuth Subcitrate Potassium/ Metronidazole/ Tetracycline Hydrochloride  
BISOHEXAL,Bisoprolol Fumarate
BISOPROLOL,Bisoprolol Fumarate
CARDILOC,Bisoprolol Fumarate
CONCOR,Bisoprolol Fumarate
CONCOR COR,Bisoprolol Fumarate
FUMARATO BISOPROLOL,Bisoprolol Fumarate
BISOPROLOL FUMARATE AND HYDROCHLOROTHIAZIDE,Bisoprolol Fumarate/ Hydrochlorothiazide 
BISOPROLOL W/HYDROCHLOROTHIAZIDE,Bisoprolol Fumarate/ Hydrochlorothiazide 
BORNAPRINE HYDROCHLORIDE,Bornaprine Hydrochloride
ALPHAGAN,Brimonidine Tartrate
BRIMONIDINE,Brimonidine Tartrate
BRIMONIDINE TARTRATE,Brimonidine Tartrate
COMBIGAN,Brimonidine Tartrate/ Timolol Maleate 
BRINZOLAMIDE,Brinzolamide 
SIMBRINZA,Brinzolamide/ Brimonidine Tartrate 
BONDORMIN,Briotizolam
BROTIZOLAM,Briotizolam
BRISFIRINA,Brisfirna
BRIVUDINE,Brivudine
BRODALUMAB,Brodalumab 
BROMAZEPAM,Bromazepam
LEXOMIL,Bromazepam
BROMDAY,Bromfenac Sodium
BROMFENAC,Bromfenac Sodium
BROMAZINE,Bromodiphenhydramine
LENDORM,Brotizolam
BUDESONID,Budesonide 
BUDESONIDE,Budesonide 
PULMICORT,Budesonide 
RHINOCORT,Budesonide 
BUDESONIDE W/FORMOTEROL FUMARATE,Budesonide/ Formoterol Fumarate Dihydrate 
DUORESP,Budesonide/ Formoterol Fumarate Dihydrate 
DUORESP SPIROMAX,Budesonide/ Formoterol Fumarate Dihydrate 
SIMBICORT TURBUHALER,Budesonide/ Formoterol Fumarate Dihydrate 
SYMBICORT,Budesonide/ Formoterol Fumarate Dihydrate 
BUMETANIDE,Bumetanide 
BUPIVACAINE,Bupivacaine Hydrochloride
MARCAINE,Bupivacaine Hydrochloride
BUTRANS,Buprenorphine
BUPROPION,Bupropion Hydrochloride
BUPROPION HCL,Bupropion Hydrochloride
BUPROPION HCL ER,Bupropion Hydrochloride
BUPROPION HYDROCHLORIDE,Bupropion Hydrochloride
ELONTRIL,Bupropion Hydrochloride
WELLBUTRIN,Bupropion Hydrochloride
WELLBUTRIN XL,Bupropion Hydrochloride
BUSERELIN,Buserelin
BUSPAR,Buspirone Hydrochloride
BUSPIRONE,Buspirone Hydrochloride
BUSPIRONE HCL,Buspirone Hydrochloride
BUTALBITAL,Butalbital
"BUTALBITAL, ACETAMINOPHEN & CAFFEINE",Butalbital/ Acetaminophen/ Caffeine 
FIORICET,Butalbital/ Acetaminophen/ Caffeine 
FIORINAL,Butalbital/ Aspirin/ Caffeine 
BUTORPHANOL,Butorphanol Tartrate
BUTYLSCOPOLAMINE,Butylscopolamine
CALCIFEDIOL,Calcifediol 
CALCIPOTRIENE,Calcipotriene 
DOVONEX,Calcipotriene 
TACLONEX,Calcipotriene/ Betamethasone Dipropionate 
"CALCITONIN, SALMON","Calcitonin, Salmon "
CALCITRIOL,Calcitriol 
VECTICAL,Calcitriol 
NOVAMINE,Calcium Sodium Phosphosilicate
CANAGLIFLOZIN,Canagliflozin  
INVOKANA,Canagliflozin  
INVOKAMET,Canagliflozin/ Metformin Hydrochloride 
ATACAND,Candesartan Cilexetil
ATACAND PLUS,Candesartan Cilexetil
BLOPRESS,Candesartan Cilexetil
BLOPRESS PLUS,Candesartan Cilexetil
CANDECOR,Candesartan Cilexetil
CANDESARTAN,Candesartan Cilexetil
CANDESARTAN CILEXETIL,Candesartan Cilexetil
CANDESARTAN + HIDROCLOROTIAZIDA ACTAVIS,Candesartan Cilexetil/ Hydrochlorothiazide 
CANNABINOL,Cannabidiol 
CANNABIS,Cannabidiol 
CANNABIS SATIVA,Cannabidiol 
CANNABIS SATIVA OIL,Cannabidiol 
MARIJUANA,Cannabidiol 
CAPECITABINE,Capecitabine 
CAPTOPRIL,Captopril 
CARBAMAZEPINA,Carbamazepine 
TEGRETOL,Carbamazepine 
CARBIDOPA,Carbidopa 
LODOSYN,Carbidopa 
CARBIDOPA + L-DOPA,Carbidopa/ Levodopa 
CARBIDOPA AND LEVODOPA,Carbidopa/ Levodopa 
CARBIDOPA LEVODOPA,Carbidopa/ Levodopa 
CARBIDOPA W/LEVODOPA,Carbidopa/ Levodopa 
CARBIDOPA W/MELEVODOPA,Carbidopa/ Levodopa 
CARBIDOPA/LEVADOPA,Carbidopa/ Levodopa 
CARBIDOPA/LEVODOPA,Carbidopa/ Levodopa 
CARBIDOPA-LEVODOPA-B,Carbidopa/ Levodopa 
CO-CARELDOPA,Carbidopa/ Levodopa 
DOPICAR,Carbidopa/ Levodopa 
DUODOPA,Carbidopa/ Levodopa 
ISICOM,Carbidopa/ Levodopa 
LEVODOPA AND CARBIDOPA,Carbidopa/ Levodopa 
LEVODOPA/CARBIDOPA,Carbidopa/ Levodopa 
LEVODOPA-CARBIDOPA,Carbidopa/ Levodopa 
MELEVODOPA,Carbidopa/ Levodopa 
NACOM,Carbidopa/ Levodopa 
RYTARY,Carbidopa/ Levodopa 
SINEMET,Carbidopa/ Levodopa 
SINEMET LP,Carbidopa/ Levodopa 
SINEMET PLUS,Carbidopa/ Levodopa 
"CARBIDOPA, LEVODOPA AND ENTACAPONE",Carbidopa/ Levodopa/ Entacapone 
LEVODOPA/CARBIDOPA/ENTACAPONE ABZ,Carbidopa/ Levodopa/ Entacapone 
LEVODOPA/CARBIDOPA/ENTACAPONE TEVA,Carbidopa/ Levodopa/ Entacapone 
STALEVO,Carbidopa/ Levodopa/ Entacapone 
CARBIMAZOL,Carbimazole
NEOMERCAZOLE,Carbimazole
PECTOX LISINA,Carbocisteine
CARBOPLATIN,Carboplatin
OTHER CARDIAC PREPARATIONS,"Cardiovascular Agents, Other"
CARISOPRODOL,Carisoprodol 
SOMA,Carisoprodol/ Aspirin 
CARVEDILOL,Carvedilol Phosphate
COREG,Carvedilol Phosphate
COREG CR,Carvedilol Phosphate
CEFACLOR,Cefaclor 
CEFDINIR,Cefdinir 
OMNIC,Cefdinir 
CEFPROZIL,Cefprozil 
CEFTRIAXONA,Ceftriaxone Sodium
CEFTRIAXONE,Ceftriaxone Sodium
ROCEPHIN,Ceftriaxone Sodium
CEFRIN,Cefuroxime Axetil
CEFTIN,Cefuroxime Axetil
CEFUROXIM,Cefuroxime Axetil
CEFUROXIME,Cefuroxime Axetil
CEFUROXIME AXETIL,Cefuroxime Axetil
CELEBREX,Celecoxib 
CELECOXIB,Celecoxib 
CELOXIB,Celecoxib 
CEFALEXIN,Cephalexin 
CEPHALEXIN,Cephalexin 
CEPHALEXINE,Cephalexin 
KEFLEX,Cephalexin 
CIMZIA,Certolizumab Pegol 
ALLER TEC,Cetirizine Hydrochloride
CETIRIZINA,Cetirizine Hydrochloride
CETIRIZINE,Cetirizine Hydrochloride
CETIRIZINE HCL,Cetirizine Hydrochloride
CETIRIZINE HYDROCHLORIDE,Cetirizine Hydrochloride
XYZAL,Cetirizine Hydrochloride
ZYRTEC,Cetirizine Hydrochloride
ZYRTEK,Cetirizine Hydrochloride
LEMOCIN,Cetrimide
CEVIMELINE,Cevimeline Hydrochloride
CHLORDIAZEPOXIDE W/CLIDINIUM,Chlordiazepoxide 
CHLORHEXIDINE GLUCONATE,Chlorhexidine Gluconate
ALEREST,Chlorpheniramine Maleate 
ALLEREST,Chlorpheniramine Maleate 
CHLORPHENIRAMINE MALEATE,Chlorpheniramine Maleate 
CHLOR-TRIMETON,Chlorpheniramine Maleate 
CTM,Chlorpheniramine Maleate 
CHLORTALIDONE,Chlorthalidone 
CHLORTHALIDONE,Chlorthalidone 
HYGROTON,Chlorthalidone 
PARAFLEX COMP,Chlorzoxazone 
DIVISUN,Cholecalciferol
VIGANTOLETTEN,Cholecalciferol
CHOLESTYRAMINE,Cholestyramine 
QUESTRAN,Cholestyramine 
HCG,Chorionic Gonadotropin 
CICLESONIDE,Ciclesonide 
ZETONNA,Ciclesonide 
VASCACE,Cilazapril/ Hydrochlorothiazide
CILOSTAZOL,Cilostazol 
CIMETIDINE,Cimetidine Hydrochloride
CIPROFIBRATE,Ciprofibrate
CIPROFLOXACIN,Ciprofloxacin 
CIPROFLOXACINE,Ciprofloxacin 
CIPROFLOXACINO,Ciprofloxacin 
CIPROXIN,Ciprofloxacin 
CIPROFLOXACIN HCL,Ciprofloxacin Hydrochloride
CISPLATIN,Cisplatin
CELEXA,Citalopram Hydrobromide
CIPRAMIL,Citalopram Hydrobromide
CIPRO,Citalopram Hydrobromide
CITALOPRAM,Citalopram Hydrobromide
CITALOPRAM HBR,Citalopram Hydrobromide
CITALOPRAM HYDROBROMIDE,Citalopram Hydrobromide
PRISMA,Citalopram Hydrobromide
SEROPRAM,Citalopram Hydrobromide
BIAXIN,Clarithromycin 
CLEBOPRIDE,Clebopride Malate/ Simethicone
CLEMASTINE,Clemastine Fumarate
CLINDAHEXAL,Clindamycin Hydrochloride
CLINDAMYCIN,Clindamycin Hydrochloride
CLINDAMYCIN HCL,Clindamycin Hydrochloride
CLINDA-SAAR,Clindamycin Hydrochloride
CLINDAMYCIN PHOSPHATE,Clindamycin Phosphate
CLINDAMYCIN PHOSPHATE AND BENZOYL PEROXIDE,Clindamycin Phosphate/ Benzoyl Peroxide 
CLOBAZAM,Clobazam 
CLOBETASOL,Clobetasol Propionate
CLOBETASOL 0.05%,Clobetasol Propionate
CLOBETASOL PROPIONATE,Clobetasol Propionate
CLOBEX,Clobetasol Propionate
DISTRANEURINE,Clomethiazole
CLOMIPHENE,Clomiphene Citrate
CLOMIPHENE CITRATE,Clomiphene Citrate
ANAFRANIL,Clomipramine Hydrochloride
CLOMIPRAMINE,Clomipramine Hydrochloride
CLONAPIN,Clonazepam 
CLONAZEPAM,Clonazepam 
CLONAZEPAN,Clonazepam 
CLONOPIN,Clonazepam 
KLONOPIN,Clonazepam 
RIVOTRIL,Clonazepam 
CLONIDINE,Clonidine Hydrochloride
CLOPIDOGREL,Clopidogrel Bisulfate
CLOPIDOGREL BISULFATE,Clopidogrel Bisulfate
ISCOVER,Clopidogrel Bisulfate
PLAVIX,Clopidogrel Bisulfate
CLOPREDNOL,Clorprednol
CLORTALIDONA,Clorprednol
CANESTEN,Clotrimazole 
CLOTRIMAZOLE,Clotrimazole 
BETAMETHASONE W/CLOTRIMAZOLE,Clotrimazole/ Betamethasone Dipropionate 
CLONARIL,Clozapine 
CLOZAPIN,Clozapine 
CLOZAPINA,Clozapine 
CLOZAPINE,Clozapine 
CLOZARIL,Clozapine 
CO DYDRAMOL,Codeine Phosphate/ Paracetamol
CODEINE W/PARACETAMOL,Codeine Phosphate/ Paracetamol
CODEINE,Codeine Sulfate
COLCHICINA,Colchicine 
COLCHICINE,Colchicine 
COLCRYS,Colchicine 
OTHER COLD COMBINATION PREPARATIONS,"Cold-Cough, Other"
WELCHOL,Colesevelam Hydrochloride
COLESTID,Colestipol Hydrochloride
COLESTIPOL,Colestipol Hydrochloride
CENESTIN,Conjugated Estrogens 
ESTROGEN,Conjugated Estrogens 
ESTROGENS CONJUGATED W/PROGESTERONE,Conjugated Estrogens 
PREMARIN,Conjugated Estrogens 
PREMPRO,Conjugated Estrogens 
CONTRACEPTIVES,"Contraceptives, Other"
CROMOLYN SODIUM,Cromolyn Sodium
CYCLOBENZAPRINE,Cyclobenzaprine Hydrochloride
FLEXERIL,Cyclobenzaprine Hydrochloride
CYTOXAN,Cyclophosphamide 
CICLOSPORIN,Cyclosporine 
CYCLOSPORINE,Cyclosporine 
RESTASIS,Cyclosporine 
DABIGATRAN,Dabigatran Etexilate Mesylate
DABIGATRAN ETEXILATE,Dabigatran Etexilate Mesylate
PRADAXA,Dabigatran Etexilate Mesylate
DAPAGLIFLOZIN,Dapagliflozin  
ARANESP,Darbepoetin Alfa 
EMSELEX,Darifenacin Hydrobromide
ENABLEX,Darifenacin Hydrobromide
PREZISTA,Darunavir 
FIRMAGON,Degarelix Acetate
DELAPRIL,Delapril
DENOSUMAB,Denosumab 
PROLIA,Denosumab 
ARNICA,"Dermatological Agents, Other"
ARNICARE,"Dermatological Agents, Other"
AYURVEDIC PREPARATION NOS,"Dermatological Agents, Other"
BENGAY,"Dermatological Agents, Other"
BOTOX,"Dermatological Agents, Other"
BOTULINUM TOXIN,"Dermatological Agents, Other"
BOTULINUM TOXIN TYPE A,"Dermatological Agents, Other"
CAMBISON,"Dermatological Agents, Other"
CICLOPIROX,"Dermatological Agents, Other"
CICLOPIROX OLAMINE,"Dermatological Agents, Other"
COAL TAR,"Dermatological Agents, Other"
CORTISON,"Dermatological Agents, Other"
CORTISONE,"Dermatological Agents, Other"
CORTIZONE,"Dermatological Agents, Other"
CVS MUSCLE RUB NON-GREASY PAIN RELIEVING,"Dermatological Agents, Other"
DAIVOBET,"Dermatological Agents, Other"
DIPROBASE,"Dermatological Agents, Other"
IMMUGRIP,"Dermatological Agents, Other"
LANTISEPTIC SKIN PROTECTANT,"Dermatological Agents, Other"
LOTAN,"Dermatological Agents, Other"
LOTAN PLUS,"Dermatological Agents, Other"
LUNAR,"Dermatological Agents, Other"
MENTHOL W/METHYL SALICYLATE,"Dermatological Agents, Other"
MONISTAT,"Dermatological Agents, Other"
NEOSALUS,"Dermatological Agents, Other"
NETTLE LEAF,"Dermatological Agents, Other"
NORITATE,"Dermatological Agents, Other"
OTHER DERMATOLOGICAL PREPARATIONS,"Dermatological Agents, Other"
PROSHIELD,"Dermatological Agents, Other"
REPLENEX,"Dermatological Agents, Other"
SHAMPOOS,"Dermatological Agents, Other"
TRIMOVATE,"Dermatological Agents, Other"
VIOLA,"Dermatological Agents, Other"
DESIPRAMINE,Desipramine Hydrochloride
NORPRAMIN,Desipramine Hydrochloride
AERIUS,Desloratadine 
CLARINEX-D,Desloratadine 
DESLORATADINE,Desloratadine 
DESMOPRESSIN,Desmopressin Acetate
DESONIDE,Desonide 
DESOXIMETASONE,Desoximetasone 
DESVENLAFAXINE,Desvenlafaxine 
PRISTIQ,Desvenlafaxine Succinate
DEXA RHINASPRAY,Dexamethasone 
DEXAGEL,Dexamethasone 
DEXAMETASONA,Dexamethasone 
DEXAMETHASONE,Dexamethasone 
DEXAMETHAZONE,Dexamethasone 
DECADRON,Dexamethasone Acetate
DEXAMETHASONE SODIUM PHOSPHATE,Dexamethasone Sodium Phosphate
STERODEX,Dexamethasone Sodium Phosphate
DEXKETOPROFEN TROMETAMOL,Dexketoprofen Trometamol
ENANTYUM,Dexketoprofen Trometamol
DEXILANT,Dexlansoprazole 
DEXLANSOPRAZOLE,Dexlansoprazole 
DEXMETHYLPHENIDATE HCL,Dexmethylphenidate Hydrochloride
DEXADRIN,Dextroamphetamine Sulfate
DEXEDRINE,Dextroamphetamine Sulfate
DEXTROAMPHETAMINE,Dextroamphetamine Sulfate
VYVANSE,Dextroamphetamine Sulfate
DELSYM,Dextromethorphan Hydrobromide 
DEXTROMETHORPHAN,Dextromethorphan Hydrobromide 
DIAZEPAM,Diazepam 
VALIUM,Diazepam 
ZYLOL,Dichlorometaxylenol/ Terpineol
DICLOFENAC,Diclofenac Sodium
DICLOFENAC SODIUM,Diclofenac Sodium
DICLOFENACO,Diclofenac Sodium
FLECTOR,Diclofenac Sodium
NOVO-DIFENAC,Diclofenac Sodium
VOLTAREN,Diclofenac Sodium
VOLTAROL,Diclofenac Sodium
VOTREX EP,Diclofenac Sodium
ARTHROTEC,Diclofenac Sodium/ Misoprostol 
DICLOXACILLIN,Dicloxacillin Sodium
BENTYL,Dicyclomine Hydrochloride
DICYCLOMINE,Dicyclomine Hydrochloride
UVALETTE,Dienogest/ Ethinyl Estradiol
5-HTP,Dietary Supplement
ABSINTHIUM,Dietary Supplement
ACETYL L-CARNITINE,Dietary Supplement
ACETYLCARNITINE,Dietary Supplement
ACETYL-L-CARNITINE,Dietary Supplement
ACIDOPHILUS,Dietary Supplement
ACIDOPHILUS PROBIOTIC,Dietary Supplement
ACONITE,Dietary Supplement
ACTIVATE IMMUNE COMPLEX,Dietary Supplement
ADRENAL COMPLEX,Dietary Supplement
ADRENAL CORTEX PREPARATIONS,Dietary Supplement
ADRENOTONE,Dietary Supplement
AGNUCASTON,Dietary Supplement
AIRBORNE,Dietary Supplement
AKTIFERRIN,Dietary Supplement
ALIGN,Dietary Supplement
ALKA SELTZER PLUS,Dietary Supplement
ALL OTHER NON-THERAPEUTIC PRODUCTS,Dietary Supplement
ALOE EXTRACT,Dietary Supplement
ALOE VERA,Dietary Supplement
AMINO ACIDS INCLUDING POLYPEPTIDES,Dietary Supplement
AMINO ACIDS NOS,Dietary Supplement
ANDROGRAPHIS PANICULATA,Dietary Supplement
APPLE CIDER VINEGAR,Dietary Supplement
ARTHROGENX,Dietary Supplement
ASCORBATE DE CALCIUM RICHARD,Dietary Supplement
ASCORBIC ACID,Dietary Supplement
ASHWAGANDHA,Dietary Supplement
ASPECTON,Dietary Supplement
ASTAXANTHIN,Dietary Supplement
BACOPA,Dietary Supplement
BALDRIAN,Dietary Supplement
BEE POLLEN,Dietary Supplement
BENEFIBER,Dietary Supplement
BERBERIS ARISTATA,Dietary Supplement
BERGAMOT OIL,Dietary Supplement
BETA CAROTENE,Dietary Supplement
BETA SITOSTEROL,Dietary Supplement
BIFIDUM BAKTERINAS,Dietary Supplement
BILBERRY EXTRACT,Dietary Supplement
BIO CMP,Dietary Supplement
BIOLECTRA MAGNESIUM,Dietary Supplement
BLACK COHOSH,Dietary Supplement
BLUE GREEN ALGAE,Dietary Supplement
BLUEBERRY,Dietary Supplement
BROMELAIN,Dietary Supplement
CACAO MINAR,Dietary Supplement
CAFFEINE,Dietary Supplement
CALCIGRAN FORTE,Dietary Supplement
CALCIUM ACE,Dietary Supplement
CALCIUM ACETATE,Dietary Supplement
CALCIUM ASPARTATE,Dietary Supplement
CALCIUM CHLORIDE,Dietary Supplement
CANDIBACTIN AR,Dietary Supplement
CARALLUMA FIMBRIATA,Dietary Supplement
CARDIO,Dietary Supplement
CARDIOPLUS,Dietary Supplement
CARNITINE,Dietary Supplement
CARNOSINE,Dietary Supplement
CASTOR OIL,Dietary Supplement
CATS CLAW,Dietary Supplement
CAT'S CLAW,Dietary Supplement
CELADRIN,Dietary Supplement
CEREFOLIN NAC,Dietary Supplement
CHELIDONIUM COMPLEX,Dietary Supplement
CHERRY BIRCH,Dietary Supplement
CHINESE BITTERS,Dietary Supplement
CHINESE DODDER,Dietary Supplement
CHINESE GENTIAN AND SODIUM BICARBONATE,Dietary Supplement
CHOLEAST,Dietary Supplement
CHOLECALCIFEROL,Dietary Supplement
CHOLEST-OFF,Dietary Supplement
CHOLINE BITARTRATE,Dietary Supplement
CHONDROITIN,Dietary Supplement
CHONDROITIN SULFATE,Dietary Supplement
CINNAMON,Dietary Supplement
CINNAMON BARK,Dietary Supplement
CINSULIN ADVANCED STRENGTH,Dietary Supplement
CIRCADIN,Dietary Supplement
CITICOLINE,Dietary Supplement
CITRACAL,Dietary Supplement
CITRACAL + D,Dietary Supplement
CITRICAL,Dietary Supplement
CITRICAL D,Dietary Supplement
CITRUCEL,Dietary Supplement
CLOVE OIL,Dietary Supplement
COCONUT OIL,Dietary Supplement
COD LIVER OIL,Dietary Supplement
COLLAGEN,Dietary Supplement
COLON CLEANSER NATURAL DETOX FORMULA,Dietary Supplement
CRANBERRY,Dietary Supplement
CRANBERRY EXTRACT,Dietary Supplement
CRANBERRY JUICE EXTRACT,Dietary Supplement
CRATAEGUS SPP. FRUIT W/UBIDECARENONE,Dietary Supplement
CREATINE,Dietary Supplement
CULTURELLE,Dietary Supplement
CUMIN,Dietary Supplement
CURCUMA LONGA,Dietary Supplement
CURCUMEN,Dietary Supplement
CURCUMIN,Dietary Supplement
CURCUMINOID 133,Dietary Supplement
CYSTEX,Dietary Supplement
DEPLIN,Dietary Supplement
DEVIL'S CLAW,Dietary Supplement
DEVROM,Dietary Supplement
DEXTRIN,Dietary Supplement
DIETARY SUPPLEMENT,Dietary Supplement
DIGESTIVE ADVANTAGE,Dietary Supplement
DIGESTIVE ADVANTAGE PROBIOTIC,Dietary Supplement
DIGESTIVE ENZYMES,Dietary Supplement
DIGESTIVES ENZYMES,Dietary Supplement
"DIGESTIVES, INCL ENZYMES",Dietary Supplement
DIOSMINA,Dietary Supplement
DMAE,Dietary Supplement
D-MANNOSE,Dietary Supplement
DOPA MUCONA,Dietary Supplement
E-400,Dietary Supplement
ECHINACEA,Dietary Supplement
ELLURA,Dietary Supplement
EMERGEN-C,Dietary Supplement
EPA,Dietary Supplement
EPA DHA 720,Dietary Supplement
EPAFORTE BIOMARINE,Dietary Supplement
EPO,Dietary Supplement
ESSEL FORTE,Dietary Supplement
ESSENTIAL OILS NOS,Dietary Supplement
ESTROVEN,Dietary Supplement
EUCALYPTUS GLOBULUS,Dietary Supplement
EVENING PRIMROSE,Dietary Supplement
EVENING PRIMROSE OIL,Dietary Supplement
FALSE UNICORN,Dietary Supplement
FIBER,Dietary Supplement
FIBER CHOICE PLUS CALCIUM,Dietary Supplement
FIBER SUPPLEMENT,Dietary Supplement
FIBERCON,Dietary Supplement
FISH OIL,Dietary Supplement
FISH OIL CONCENTRATE,Dietary Supplement
FISH OIL OMEGA 3,Dietary Supplement
FLAX SEED OIL,Dietary Supplement
FLAXSEED,Dietary Supplement
FLAXSEED OIL,Dietary Supplement
FLORAJEN 3,Dietary Supplement
FLORASTOR,Dietary Supplement
GAIA,Dietary Supplement
GAMMA-LINOLENIC ACID,Dietary Supplement
GARCINIA CAMBOGIA COMP,Dietary Supplement
GARLIC,Dietary Supplement
GASTRO,Dietary Supplement
GAVISCON,Dietary Supplement
GELATIN,Dietary Supplement
GELOMYRTOL,Dietary Supplement
GINGER,Dietary Supplement
GINGER ROOT,Dietary Supplement
GINGIUM,Dietary Supplement
GINKGO,Dietary Supplement
GINKGO BILOBA,Dietary Supplement
GINKO,Dietary Supplement
GINKO BILOBA,Dietary Supplement
GINKOBA,Dietary Supplement
GINSENG,Dietary Supplement
GLICINA,Dietary Supplement
GLUCOBALANCE,Dietary Supplement
GLUCOSAMINE,Dietary Supplement
GLUCOSAMINE & CHONDROITIN,Dietary Supplement
GLUCOSAMINE CHONDROITIN,Dietary Supplement
GLUCOSAMINE HYDROCHLORIDE,Dietary Supplement
GLUCOSAMINE MSM,Dietary Supplement
GLUCOSAMINE SULFATE,Dietary Supplement
GLUCOSAMINE W/CHONDROITIN SULFATE,Dietary Supplement
GLUTAMINE,Dietary Supplement
GLUTATHIONE,Dietary Supplement
GLUTATHIONE SODIUM,Dietary Supplement
GOLDEN ROOT,Dietary Supplement
GOTU KOLA,Dietary Supplement
GRANUFINK,Dietary Supplement
GRAPE SEED EXTRACT,Dietary Supplement
GREEN COFFEE BEAN,Dietary Supplement
GREEN LIPPED MUSSEL,Dietary Supplement
GREEN TEA,Dietary Supplement
GREEN TEA EXTRACT,Dietary Supplement
"HAIR, SKIN & NAILS",Dietary Supplement
HERBAL EXTRACT NOS,Dietary Supplement
HERBAL NOS W/VITAMINS NOS,Dietary Supplement
HERBALS NOS W/MINERALS NOS/VITAMINS NOS,Dietary Supplement
HERBALS NOS W/VITAMINS NOS,Dietary Supplement
HI POTENCY,Dietary Supplement
HI POTENCY MULTIVITAMIN WITH MINERALS,Dietary Supplement
HOMEOPATHIC PREPARATION,Dietary Supplement
HOMOCYSTEINE FORMULA,Dietary Supplement
HOMVIOTENSIN,Dietary Supplement
HORSE CHESTNUT EXTRACT,Dietary Supplement
HUPERZINE A,Dietary Supplement
HYOSCINE,Dietary Supplement
IBEROGAST,Dietary Supplement
IMMUNE BOOST,Dietary Supplement
INMUNOFERON,Dietary Supplement
INOSINE,Dietary Supplement
INTRAVENOUS RINGERS,Dietary Supplement
IPRIFLAVONE,Dietary Supplement
JOINT AID,Dietary Supplement
JUICE PLUS,Dietary Supplement
JUMEX,Dietary Supplement
JUVENON,Dietary Supplement
KALIUMJODID,Dietary Supplement
KELP,Dietary Supplement
KETONE,Dietary Supplement
KLIMAKTOPLANT,Dietary Supplement
KLOR-CON,Dietary Supplement
KONSYL,Dietary Supplement
KRILL OIL,Dietary Supplement
KYOLIC,Dietary Supplement
L TYROSINE,Dietary Supplement
LACTOBACILLUS ACIDOPHILUS,Dietary Supplement
L-ARGININE,Dietary Supplement
LAXATAN A,Dietary Supplement
L-CARNITINE,Dietary Supplement
LECITHIN,Dietary Supplement
LECITIN,Dietary Supplement
LEMON BALM,Dietary Supplement
L-GLUTAMINE,Dietary Supplement
LIMBREL,Dietary Supplement
LINOLEIC ACID,Dietary Supplement
LINUSIT,Dietary Supplement
LION'S MANE,Dietary Supplement
LIPOIC ACID,Dietary Supplement
LIQUID CALCIUM 1200 PLUS VITAMIN D,Dietary Supplement
LIQUID ZINC,Dietary Supplement
LITHIUM OROTATE,Dietary Supplement
L-LYSINE,Dietary Supplement
L-METHYLFOLATE,Dietary Supplement
L-ORNITHINE,Dietary Supplement
L-SERINE,Dietary Supplement
L-TRYPTOPHAN,Dietary Supplement
L-TYROSINE,Dietary Supplement
LUTEIN,Dietary Supplement
LYCOPENE,Dietary Supplement
LYSINE,Dietary Supplement
LYSINE HCL,Dietary Supplement
MACA,Dietary Supplement
MEDIHERB CRANBERRY COMPLEX,Dietary Supplement
MEGA GLUFLEX,Dietary Supplement
MEGA GREEN TEA EXTRACT,Dietary Supplement
MELATONIN,Melatonin
MELATONINA,Melatonin
MELATONINE,Melatonin
METAGENICS E.N.T. IMMUNE CARE FOR KIDS,Dietary Supplement
METAMUCIL,Dietary Supplement
METHYLSULFONYLMETHANE,Dietary Supplement
MILK OF MAGNESIA,Dietary Supplement
MILK THISTLE,Dietary Supplement
MIND ENHANCEMENT COMPLEX,Dietary Supplement
MISTLETOE,Dietary Supplement
MOVE FREE,Dietary Supplement
MOVICOL,Dietary Supplement
MSM,Dietary Supplement
MUCOFALK,Dietary Supplement
MUCUNA PRURIENS,Dietary Supplement
MUCUNA PRURIENS EXTRACT,Dietary Supplement
N-ACETYLCYSTEINE,Dietary Supplement
N-ACETYL-L-CYSTEINE,Dietary Supplement
NATURAL CALM,Dietary Supplement
NERIUM OLEANDER,Dietary Supplement
NEUREXAN,Dietary Supplement
NEUROBION,Dietary Supplement
NUTRIENTS NOS W/VITAMINS NOS,Dietary Supplement
NUTRIENTS WITHOUT PHENYLALANINE,Dietary Supplement
NUTRISOURCE FIBER,Dietary Supplement
OKOUBAKA,Dietary Supplement
OLIVE LEAF EXTRACT,Dietary Supplement
OLIVE OIL,Dietary Supplement
OREGANO,Dietary Supplement
OSTEO BI-FLEX,Dietary Supplement
OTHER NUTRIENTS,Dietary Supplement
PETADOLEX,Dietary Supplement
PHENYLALANINE,Dietary Supplement
PHILLIPS,Dietary Supplement
PHOSPHATE,Dietary Supplement
PHOSPHATIDYL CHOLINE,Dietary Supplement
PHOSPHATIDYL SERINE,Dietary Supplement
PHOSPHOLIPIDS,Dietary Supplement
PHYLLANTHUS EMBLICA,Dietary Supplement
PHYTOSTEROLS NOS,Dietary Supplement
PLANT STEROLS PLUS,Dietary Supplement
PLANTAGO OVATA,Dietary Supplement
PREVAGEN,Dietary Supplement
PRO SYMBIOFLOR,Dietary Supplement
PROBIOTIC,Dietary Supplement
PROBIOTIC COMPLEX,Dietary Supplement
PROBIOTICA,Dietary Supplement
PROBIOTICS,Dietary Supplement
PROBIOTICS NOS,Dietary Supplement
PROSTAMOL,Dietary Supplement
PROSTATE HEALTH,Dietary Supplement
PRUNUS PERSICA SEED,Dietary Supplement
PSYLLIUM,Dietary Supplement
PSYLLIUM FIBRE,Dietary Supplement
PSYLLIUM SEED HUSK,Dietary Supplement
PUMPKIN OIL,Dietary Supplement
PUMPKIN SEED,Dietary Supplement
PURE FISH OIL,Dietary Supplement
PYCNOGENOL,Dietary Supplement
PYGEUM,Dietary Supplement
PYRROLIZIDINE ALKALOIDS,Dietary Supplement
Q10,Dietary Supplement
QUERCETIN,Dietary Supplement
RAPID JOINT RELIEF,Dietary Supplement
RASPBERRY,Dietary Supplement
RED YEAST RICE,Dietary Supplement
RESCUE REMEDY,Dietary Supplement
RESVERATROL,Dietary Supplement
RETAINE MGD,Dietary Supplement
RHODIOLA,Dietary Supplement
RHODIOLA ROSEA,Dietary Supplement
ROSE HIPS,Dietary Supplement
S-ADENOSYL-L-METHIONINE,Dietary Supplement
SAFFRON,Dietary Supplement
SALINE,Dietary Supplement
SALMON,Dietary Supplement
SAM-E,Dietary Supplement
SAW PALMETO,Dietary Supplement
SAW PALMETTO,Dietary Supplement
SAW PALMETTO XTRA,Dietary Supplement
SERENOA REPENS,Dietary Supplement
SERIPHOS,Dietary Supplement
SILIMARIN,Dietary Supplement
SINUPRET FORTE,Dietary Supplement
SMOOTH MOVE,Dietary Supplement
SODIUM BUTYRATE,Dietary Supplement
SODIUM CHLORIDE,Dietary Supplement
SOY ISOFLAVONES,Dietary Supplement
SPALT,Dietary Supplement
SPIRULINA,Dietary Supplement
ST JOHNS WORT,Dietary Supplement
ST JOHN'S WORT,Dietary Supplement
ST. JOHN'S WORT,Dietary Supplement
ST.JOHNS WORT,Dietary Supplement
STEVIA,Dietary Supplement
STOOL SOFTENER,Dietary Supplement
SULFATO FERROSO,Dietary Supplement
SULFUR,Dietary Supplement
SUNFLOWER FES,Dietary Supplement
SUPER BETA PROSTATE,Dietary Supplement
SUPER COLLAGEN,Dietary Supplement
SWEATOSAN,Dietary Supplement
SWISS KRISS,Dietary Supplement
TARDYFERON,Dietary Supplement
TAURINE,Dietary Supplement
TEA TREE OIL,Dietary Supplement
"TEA, GREEN",Dietary Supplement
TEBONIN,Dietary Supplement
TEBONIN INTENS,Dietary Supplement
THEANINE,Dietary Supplement
THER BIOTIC COMPLETE,Dietary Supplement
THERACURMIN BIOACTIVE,Dietary Supplement
THYMUS EXTRACT,Dietary Supplement
TRIBULUS,Dietary Supplement
TRICON,Dietary Supplement
TRIGOSAMINE,Dietary Supplement
TRIPHALA,Dietary Supplement
TRIPLE FISH OIL,Dietary Supplement
TURMERIC,Dietary Supplement
TURMERIC CURCUMIN,Dietary Supplement
TYROSINE,Dietary Supplement
TYROSINE AMINOSAEURE SUPPLEMENT,Dietary Supplement
UBIDECARENONE,Dietary Supplement
UBIQUINOL,Dietary Supplement
UBIQUINONE,Dietary Supplement
UROGUTT,Dietary Supplement
VALERIAN ROOT,Dietary Supplement
VAYACOG,Dietary Supplement
VIACTIV,Dietary Supplement
VINPOCETINE,Dietary Supplement
VIVISCAL,Dietary Supplement
WHEAT GERM OIL,Dietary Supplement
ZYFLAMEND WHOLE BODY,Dietary Supplement
DIFLUPREDNATE,Difluprednate 
DUREZOL,Difluprednate 
DIGITOXIN,Digitoxin
DIGOXIN,Digoxin 
DIGOXINA,Digoxin 
LANOXIN,Digoxin 
CARDIZEM,Diltiazem Hydrochloride
CARTIA,Diltiazem Hydrochloride
CARTIA XT,Diltiazem Hydrochloride
DILTIAZEM,Diltiazem Hydrochloride
DILTIAZEM CD,Diltiazem Hydrochloride
DILTIAZEM ER,Diltiazem Hydrochloride
DILTIAZEM HCL,Diltiazem Hydrochloride
TILDIEM LP,Diltiazem Hydrochloride
DRAMAMINE,Dimenhydrinate
VERTIGO VOMEX,Dimenhydrinate
DIFENHIDRAMINA,Diphenhydramine Hydrochloride
DIPHENHYDRAMINE,Diphenhydramine Hydrochloride
DIPHENHYDRAMINE HCL,Diphenhydramine Hydrochloride
DIPHENHYDRAMINE HYDROCHLORIDE,Diphenhydramine Hydrochloride
"DIPHENHYDRAMINE, COMBINATIONS",Diphenhydramine Hydrochloride
SLEEP-EZE,Diphenhydramine Hydrochloride
DIPHENOXYLATE,Diphenoxylate Hydrochloride/ Atropine Sulfate 
DIPHENOXYLATE W/ATROPINE SULFATE,Diphenoxylate Hydrochloride/ Atropine Sulfate 
LOMOTIL,Diphenoxylate Hydrochloride/ Atropine Sulfate 
DPT VACCINE,Diphtheria and Tetanus Toxoids and Acellular Pertussis Vaccine Adsorbed (DTaP)
DTP VACCINE,Diphtheria and Tetanus Toxoids and Acellular Pertussis Vaccine Adsorbed (DTaP)
PERTUSSIS VACCINE,Diphtheria and Tetanus Toxoids and Acellular Pertussis Vaccine Adsorbed (DTaP)
TETANUS VACCINE,Diphtheria and Tetanus Toxoids and Acellular Pertussis Vaccine Adsorbed (DTaP)
TETANUS VACCINES,Diphtheria and Tetanus Toxoids and Acellular Pertussis Vaccine Adsorbed (DTaP)
DIPYRIDAMOLE,Dipyridamole 
DISTIGMINE BROMIDE,Distigmine Bromide
DEPAKOTE,Divalproex Sodium
DEPAKOTE ER,Divalproex Sodium
DIVALPROEX,Divalproex Sodium
DIVALPROEX SODIUM,Divalproex Sodium
DOCUSATE CALCIUM,Docusate Calcium
PERI-COLACE,Docusate Calcium
SURFAK,Docusate Calcium
COLACE,Docusate Sodium
DOCUSATE,Docusate Sodium
DOCUSATE SODIUM,Docusate Sodium
DOCUSATE SODIUM W/SENNA,Docusate Sodium
DOFETILIDE,Dofetilide 
TIVICAY,Dolutegravir/ Rilpivirine 
DOMPERIDON,Domperidone
DOMPERIDONA,Domperidone
DOMPERIDONE,Domperidone
MOTILIUM,Domperidone
ARICEPT,Donepezil Hydrochloride
DONEPEZIL,Donepezil Hydrochloride
DONEPEZIL HCL,Donepezil Hydrochloride
MEMORIT,Donepezil Hydrochloride
DORZOLAMIDE,Dorzolamide Hydrochloride
TRUSOPT,Dorzolamide Hydrochloride
COSOPT,Dorzolamide Hydrochloride/ Timolol Maleate 
DORZOLAMIDE TIMOLOL,Dorzolamide Hydrochloride/ Timolol Maleate 
DORZOLAMIDE W/TIMOLOL,Dorzolamide Hydrochloride/ Timolol Maleate 
CARDURA,Doxazosin Mesylate
DOXAZOSIN,Doxazosin Mesylate
DOXAZOSIN MESYLATE,Doxazosin Mesylate
DOXAZOSINE,Doxazosin Mesylate
DOXEPIN,Doxepin Hydrochloride
DOXEPIN HCL,Doxepin Hydrochloride
DOXEPIN HYDROCHLORIDE,Doxepin Hydrochloride
SILENOR,Doxepin Hydrochloride
DOXICYCLINE,Doxycycline
DOXYCILLIN,Doxycycline
DOXYCYCLIN,Doxycycline
DOXYCYCLINE,Doxycycline
DOXYCYCLINE MONOHYDRATE,Doxycycline
DOXYCYCLINE HYCLATE,Doxycycline Hyclate
DONORMYL,Doxylamine
DOXYLAMINE,Doxylamine
DOXYLAMINE SUCCINATE,Doxylamine
UNISOM,Doxylamine
DRONABINOL,Dronabinol 
MULTAQ,Dronedarone 
DROSPIRENONE,Drospirenone 
DROXIDOPA,Droxidopa  
DULAGLUTIDE,Dulaglutide 
TRULICITY,Dulaglutide 
CYMBALTA,Duloxetine Hydrochloride
DULOXETINE,Duloxetine Hydrochloride
AVODART,Dutasteride 
DUTASTERIDE,Dutasteride 
DUODART,Dutasteride/ Tamsulosin Hydrochloride 
EBASTINE,Ebastine
ECONAZOLE,Econazole Nitrate
EDOXABAN,Edoxaban Tosylate
SAVAYSA,Edoxaban Tosylate
JUBLIA,Efinaconazole 
RELPAX,Eletriptan Hydrobromide
CERDELGA,Eliglustat 
ELIGLUSTAT,Eliglustat 
ELVITEGRAVIR,Elvitegravir
EMPAGLIFLOZIN,Empagliflozin 
JARDIANCE,Empagliflozin 
EMTRICITABINE,Emtricitabine 
ENALADEX,Enalapril Maleate
ENALAPRIL,Enalapril Maleate
ENALAPRIL AL,Enalapril Maleate
ENALAPRIL MALEATE,Enalapril Maleate
ENAPRIL,Enalapril Maleate
VASODIP,Enalapril Maleate
ENALAPRIL MALEATE AND HYDROCHLOROTHIAZIDE,Enalapril Maleate/ Hydrochlorothiazide 
ENOXAPARIN,Enoxaparin Sodium
LOVENOX,Enoxaparin Sodium
COMTAN,Entacapone 
ENTACAPONE,Entacapone 
ENZYMES,Enzyme
ENZYMES NOS,Enzyme
NATTOKINASE,Enzyme
PANZYTRAT,Enzyme
RESTORE,Enzyme
WOBENZYM,Enzyme
EPINEPHRINE,Epinephrine 
EPIPEN,Epinephrine 
EPOGEN,Epoetin Alfa 
ERYTHROPOIETIN,Epoetin Alfa 
PROCRIT,Epoetin Alfa 
ERGOTAMINE,Ergotamine Tartrate
ERLOTINIB,Erlotinib Hydrochloride
ERYTHROMYCIN,Erythromycin 
ERYTHROMYCIN/BENZOYL PEROXIDE,Erythromycin/ Benzoyl Peroxide 
APO-ESCITALOPRAM,Escitalopram Oxalate
CIPRALEX,Escitalopram Oxalate
ESCITALOPRAM,Escitalopram Oxalate
ESCITALOPRAM OXALATE,Escitalopram Oxalate
LEXAPRO,Escitalopram Oxalate
ESOMEPRAZOL,Esomeprazole Magnesium
ESOMEPRAZOLE,Esomeprazole Magnesium
INEXIUM,Esomeprazole Magnesium
NEXIUM,Esomeprazole Magnesium
CLIMARA,Estradiol Acetate
DIVIGEL,Estradiol Acetate
ESTRACE,Estradiol Acetate
ESTRACE VAGINAL,Estradiol Acetate
ESTRADIOL,Estradiol Acetate
ESTRADOT,Estradiol Acetate
FEMRING,Estradiol Acetate
MENOREST,Estradiol Acetate
VIVELLE,Estradiol Acetate
VIVELLE DOT,Estradiol Acetate
VIVELLE-DOT,Estradiol Acetate
ESTRADERM MATRIX,Estradiol Hemihydrate
VAGIFEM,Estradiol Hemihydrate
ESTRING,Estradiol Valerate
GYNOKADIN,Estradiol Valerate
PROGYNOVA,Estradiol Valerate
ACTIVELLA,Estradiol/ Norethindrone Acetate 
EMOQUETTE,Estradiol/ Progesterone 
ESTRIOL,Estriol
ESTROGEN NOS W/TESTOSTERONE,Estrogen/ Testosterone
ESZOPICLONE,Eszopiclone 
LUNESTA,Eszopiclone 
ENBREL,Etanercept 
ETHAMBUTOL,Ethambutol Hydrochloride
ETINILESTRADIOL,Ethinyl Estradiol 
ETHINYLESTRADIOL/GESTODEEN A,Ethinyl Estradiol/ Gestodene 
CYCLO PROGYNOVA,Ethinyl Estradiol/ Norgestrel
CYCLOPROGYNOVA,Ethinyl Estradiol/ Norgestrel
ESTRADIOL W/NORGESTREL,Ethinyl Estradiol/ Norgestrel
ETHINYL ESTRADIOL W/NORGESTREL,Ethinyl Estradiol/ Norgestrel
ETODOLAC,Etodolac 
ETOPAN,Etodolac 
LODINE,Etodolac 
ETONOGESTREL,Etonogestrel 
ARCOXIA,Etoricoxib
ETORICOXIB,Etoricoxib
TAUXIB,Etoricoxib
INTELENCE,Etravirine 
EXEMESTANE,Exemestane 
BYETTA,Exenatide 
EZETIMIBA,Ezetimibe 
EZETIMIBE,Ezetimibe 
EZETROL,Ezetimibe 
TEVA EZETIMIBE,Ezetimibe 
ZETIA,Ezetimibe 
VYTORIN,Ezetimibe/ Simvastatin 
FAMOTIDIN,Famotidine 
FAMOTIDINE,Famotidine 
PEPCID,Famotidine 
PEPCID AC,Famotidine 
ADENURIC,Febuxostat 
FEBURIC,Febuxostat 
FELODIPINE,Felodipine 
FENOFIBRATE,Fenofibrate 
TRICOR,Fenofibrate 
ANTARA,Fenofibric Acid 
TRILIPIX,Fenofibric Acid 
FENTANYL,Fentanyl
FESOTERODINA,Fesoterodine Fumarate
FESOTERODINE,Fesoterodine Fumarate
TOVIAZ,Fesoterodine Fumarate
ALEGRA,Fexofenadine Hydrochloride
ALLEGRA,Fexofenadine Hydrochloride
ALLEGRA D,Fexofenadine Hydrochloride
ALLERTEC,Fexofenadine Hydrochloride
FEXOFENADINE,Fexofenadine Hydrochloride
FEXOFENADINE HYDROCHLORIDE,Fexofenadine Hydrochloride
FINASTERIDE,Finasteride 
PROPECIA,Finasteride 
PROSCAR,Finasteride 
FLECAINIDE,Flecainide Acetate
FLECAINIDE ACETATE,Flecainide Acetate
DIFLUCAN,Fluconazole 
FLUCONAZOLE,Fluconazole 
STABILANOL,Fluconazole 
FLORINEF,Fludrocortisone Acetate
FLUDROCORTISON,Fludrocortisone Acetate
FLUDROCORTISONE,Fludrocortisone Acetate
FLUDROCORTISONE ACETATE,Fludrocortisone Acetate
FLUNISOLIDE,Flunisolide 
CAPEX,Fluocinolone Acetonide
FLUOCINOLONE,Fluocinolone Acetonide
FLUOCINOLONE ACETONIDE,Fluocinolone Acetonide
FLUOCINONIDE,Fluocinonide 
FLUORIDE,Fluoride Sodium
FLUOROMETHOLONE,Fluorometholone Acetate
EFUDEX,Fluorouracil  
FLUOROURACIL,Fluorouracil  
FOLFOX 6,Fluorouracil/ Leucovorin/ Oxaliplatin
FLUOXETIN BETA,Fluoxetine Hydrochloride
FLUOXETINA,Fluoxetine Hydrochloride
FLUOXETINE,Fluoxetine Hydrochloride
FLUOXETINE HCL,Fluoxetine Hydrochloride
NOVO-FLUOXETINE,Fluoxetine Hydrochloride
PROZAC,Fluoxetine Hydrochloride
CORDAN,Flurandrenolide 
FLURANDRENOLIDE,Flurandrenolide 
FLURAZEPAM,Flurazepam 
FLURBIPROFEN,Flurbiprofen Sodium
AVAMYS,Fluticasone Furoate 
FLUTICASONE FUROATE,Fluticasone Furoate 
VERAMYST,Fluticasone Furoate 
BREO ELLIPTA,Fluticasone Furoate/ Vilanterol Trifenatate 
RELVAR ELLIPTA,Fluticasone Furoate/ Vilanterol Trifenatate 
CUTIVATE,Fluticasone Propionate
FLIXONASE,Fluticasone Propionate
FLONASE,Fluticasone Propionate
FLOVENT,Fluticasone Propionate
FLOVENT HFA,Fluticasone Propionate
FLUTICASON,Fluticasone Propionate
FLUTICASONE,Fluticasone Propionate
FLUTICASONE PROPIONATE,Fluticasone Propionate
FLUTICASONE PROPRIONATE,Fluticasone Propionate
ADVAIR,Fluticasone Propionate/ Salmeterol 
FLUTICASONE PROPIONATE W/SALMETEROL,Fluticasone Propionate/ Salmeterol 
SERETIDE,Fluticasone Propionate/ Salmeterol 
SERETIDE DISCUS,Fluticasone Propionate/ Salmeterol 
FLUVASTATIN,Fluvastatin Sodium
FLUVOXAMINE MALEATE,Fluvoxamine Maleate
LUVOX,Fluvoxamine Maleate
FORMOTEROL,Formoterol Fumarate Dihydrate
FORMOTEROL FUMARATE,Formoterol Fumarate Dihydrate
FOSFOMYCIN,Fosfomycin Tromethamine
FOSFOMYCINE,Fosfomycin Tromethamine
MONACHOL,Fosfomycin Tromethamine
FROVA,Frovatriptan Succinate
FROVATRIPTAN,Frovatriptan Succinate
FASLODEX,Fulvestrant 
FUROSEMID,Furosemide 
FUROSEMIDA,Furosemide 
FUROSEMIDE,Furosemide 
LASIX,Furosemide 
GABAPENTIN,Gabapentin 
GABAPENTINA,Gabapentin 
GABAPENTINE,Gabapentin 
NEURONTIN,Gabapentin 
HORIZANT,Gabapentin Enacarbil  
GALANTAMINE,Galantamine Hydrobromide
REMINYL,Galantamine Hydrobromide
GATIFLOXACIN,Gatifloxacin  
ZYMAR,Gatifloxacin  
GEMFIBROZIL,Gemfibrozil 
GEMFIBROZILO,Gemfibrozil 
DIAMICRON,Gliclazide
GLICAZIDA,Gliclazide
GLYCOZIDE,Gliclazide
GLIMEPIRIDA,Glimepiride 
GLIMEPIRIDE,Glimepiride 
GLIPIZIDE,Glipizide 
GLIPIZIDE XL,Glipizide 
GLUCOTROL,Glipizide 
GLUBEN,Glyburide 
GLYBURIDE,Glyburide 
GLYBURIDE W/METFORMIN,Glyburide/ Metformin Hydrochloride 
SUPPOSITOIRES A LA GLYCERINE,Glycerine Suppositories
GLYCOPYRROLATE,Glycopyrrolate 
ROBINUL,Glycopyrrolate 
GUAIFENESIN,Guaifenesin 
HALFILYN EXPECTORANT,Guaifenesin 
MUCINEX,Guaifenesin 
MUCINEX D,Guaifenesin 
GUANFACINE,Guanfacine Hydrochloride
GUSELKUMAB,Guselkumab 
HALOBETASOL PROPIONATE,Halobetasol Propionate
UNFRACTIONATED HEPARIN,"Heparin, porcine "
VENORUTON,"Heparin, porcine "
HEPATITIS A VACCINE,Hepatitis A Vaccine 
HEPATITIS B VACCINE,"Hepatitis Vaccine, Other"
HEPATITIS VACCINES,"Hepatitis Vaccine, Other"
HYALURONIC ACID,Hyaluronic Acid
HYALURONIC ACID W/SILICONES NOS,Hyaluronic Acid
VISCURE,Hyaluronic Acid
HYDRALAZINE,Hydralazine Hydrochloride
HYDRALAZINE HCL,Hydralazine Hydrochloride
ACERIL,Hydrochlorothiazide 
ALTACE,Hydrochlorothiazide 
DISOTHIAZIDE,Hydrochlorothiazide 
ESIDRIX,Hydrochlorothiazide 
HCT,Hydrochlorothiazide 
HCT AAA,Hydrochlorothiazide 
HCT HEXAL,Hydrochlorothiazide 
HIDROCLOROTIAZIDA,Hydrochlorothiazide 
HIDROCLOROTIAZIDE,Hydrochlorothiazide 
HIDROSALURETIL,Hydrochlorothiazide 
HYDROCHLOROTHIAZID,Hydrochlorothiazide 
HYDROCHLOROTHIAZIDE,Hydrochlorothiazide 
RAMILICH,Hydrochlorothiazide 
RAMILICH COMP,Hydrochlorothiazide 
RAMIPRIL,Hydrochlorothiazide 
RAMIPRIL PLUS,Hydrochlorothiazide 
RAMITENS,Hydrochlorothiazide 
SERPASIL-ESIDRIX,Hydrochlorothiazide 
TRITACE,Hydrochlorothiazide 
TRITACE COMP,Hydrochlorothiazide 
HYDROCODONE,Hydrocodone Bitartrate
HYDROCODONE/APAP,Hydrocodone Bitartrate
LORTAB,Hydrocodone Bitartrate/ Acetaminophen 
LORTAB 10/500,Hydrocodone Bitartrate/ Acetaminophen 
NORCO,Hydrocodone Bitartrate/ Acetaminophen 
VICODIN,Hydrocodone Bitartrate/ Acetaminophen 
CHLORPHENIRAMINE W/HYDROCODONE,Hydrocodone Bitartrate/ Chlorpheniramine Maleate 
NOHIST,Hydrocodone Bitartrate/ Chlorpheniramine Maleate 
GUAIFENESIN W/HYDROCODONE,Hydrocodone Bitartrate/ Guaifenesin 
VICOPROFEN,Hydrocodone Bitartrate/ Ibuprofen 
ALCORTIN,Hydrocortisone Acetate
HYDROCORTISONE,Hydrocortisone Acetate
LOCOID-C,Hydrocortisone Butyrate
DILAUDID,Hydromorphone Hydrochloride
HYDROMORPHONE,Hydromorphone Hydrochloride
HYDROXYCHLOROQUINE,Hydroxychloroquine Sulfate
PLAQUENIL,Hydroxychloroquine Sulfate
QUENSYL,Hydroxychloroquine Sulfate
HIDROXICINA,Hydroxyzine Hydrochloride
HYDROXIZINE HCL,Hydroxyzine Hydrochloride
HYDROXYZINE,Hydroxyzine Hydrochloride
HYDROXYZINE HCL,Hydroxyzine Hydrochloride
HYDROXYZINE PAMOATE,Hydroxyzine Pamoate
HYOSCYAMINE,Hyoscyamine/ Methenamine
URELLE,Hyoscyamine/ Methenamine
URIBEL,Hyoscyamine/ Methenamine
BONIVA,Ibandronate Sodium
BONVIVA,Ibandronate Sodium
IBANDRONATE,Ibandronate Sodium
IBANDRONATE SODIUM,Ibandronate Sodium
IBANDRONIC ACID,Ibandronate Sodium
ADVIL,Ibuprofen 
ADVIL COLD & SINUS,Ibuprofen 
ADVIL PM,Ibuprofen 
IBUPROFEN,Ibuprofen 
MOTRIN,Ibuprofen 
FAMOTIDINE W/IBUPROFEN,Ibuprofen/ Famotidine 
VASCEPA,Icosapent Ethyl  
ILOPERIDONE,Iloperidone 
GLEEVAC,Imatinib Mesylate
IMATINIB MESILATE,Imatinib Mesylate
IMIDAPRIL,Imidapril
CERAZYME,Imiglucerase 
CEREZYME,Imiglucerase 
IMIGLUCERASE,Imiglucerase 
IMIPRAMINE,Imipramine Hydrochloride
IMIQUIMOD,Imiquimod 
PRIVIGEN,Immune Globulin 
INDACATEROL,Indacaterol  Maleate
ULTIBRO,Indacaterol/ Glycopyrrolate 
INDAPAMID,Indapamide 
INDAPAMIDE,Indapamide 
INDOMETHACIN,Indomethacin 
REMICADE,Infliximab 
FLU,Influenza Vaccine
FLU VACCINE VII,Influenza Vaccine
FLU VAX,Influenza Vaccine
FLUZONE,Influenza Vaccine
GRIPAVAC,Influenza Vaccine
INFLUENZA VACCINE,Influenza Vaccine
INGENOL MEBUTATE,Ingenol mebutate 
INSULIN ASPART,Insulin Aspart 
NOVORAPID,Insulin Aspart 
INSULIN DETEMIR,Insulin Detemir 
INSULINA DETEMIR,Insulin Detemir 
LEVEMIR,Insulin Detemir 
INSULIN GLARGINE,Insulin Glargine 
LANTUS,Insulin Glargine 
TOUJEO,Insulin Glargine 
APIDRA,Insulin Glulisine 
HUMULIN NPH,Insulin Human (Regular) 
INSULIN,Insulin Human (Regular) 
INSULIN INJECTION,Insulin Human (Regular) 
INSULINE,Insulin Human (Regular) 
HUMALOG,Insulin Lispro 
HUMALOG MIX,Insulin Lispro 
ATROVENT,Ipratropium Bromide
BERODUAL,Ipratropium Bromide
BERODUAL N,Ipratropium Bromide
IPRATROPIO BROMURO,Ipratropium Bromide
IPRATROPIUM,Ipratropium Bromide
IPRATROPIUM BROMIDE,Ipratropium Bromide
COMBIVENT,Ipratropium Bromide/ Albuterol Sulfate 
COMBIVENT RESPIMAT,Ipratropium Bromide/ Albuterol Sulfate 
IPRATROPIUM BROMIDE AND ALBUTEROL SULFATE,Ipratropium Bromide/ Albuterol Sulfate 
AVAPRO,Irbesartan 
IRBESARTAN,Irbesartan 
IRBESARTAN HYDROCHLOROTHIAZIDE,Irbesartan/ Hydrochlorothiazide 
ISONIAZID,Isoniazid 
ISONIAZIDE,Isoniazid 
ISOPHANE INSULIN,Isophane Insulin (Human) 
NOVOLIN 70/30,Isophane Insulin (Human) 
ISOSORBIDE,Isosorbide Mononitrate 
ISOSORBIDE MONONITRATE,Isosorbide Mononitrate 
MONONITRATO DE ISOSSORBIDA,Isosorbide Mononitrate 
ISOTRETINOIN,Isotretinoin 
ISRADIPINE,Isradipine 
NOURIAST,Istradefylline
IVABRADINE,Ivabradine Hydrochloride
IVERMECTIN,Ivermectin 
SOLEDUM,Ivermectin 
SOOLANTRA,Ivermectin 
CANDORAL,Ketoconazole 
KETOCONAZOLE,Ketoconazole 
NIZORAL,Ketoconazole 
KETOPROFEN,Ketoprofen 
KETOROLAC,Ketorolac Tromethamine
KETOROLAC TROMETHAMINE,Ketorolac Tromethamine
TORADOL,Ketorolac Tromethamine
KETOTIFEN,Ketotifen
ZADITOR,Ketotifen
LABETALOL,Labetalol Hydrochloride
LACOSAMIDE,Lacosamide 
VIMPAT,Lacosamide 
LACTULAX,Lactulose 
LACTULOSA,Lactulose 
LACTULOSE,Lactulose 
LAMIVUDINA,Lamivudine 
LAMICTAL,Lamotrigine 
LAMOTRIGIN,Lamotrigine 
LAMOTRIGINE,Lamotrigine 
LANSOPRAZOLE,Lansoprazole 
LANTON,Lansoprazole 
PREVACID,Lansoprazole 
GLAUTAN,Latanoprost 
LATANOPROST,Latanoprost 
XALATAN,Latanoprost 
LATANAPROST/TIMOLOL,Latanoprost/ Timolol Maleate 
BISACODYL,"Laxative, Other"
C LAX LAXATIVE,"Laxative, Other"
CALCIUM POLYCARBOPHIL,"Laxative, Other"
DULCOLAX,"Laxative, Other"
EX-LAX,"Laxative, Other"
FIBER LAXATIVE,"Laxative, Other"
LAXADINE,"Laxative, Other"
LAXATIVE,"Laxative, Other"
LAXATIVES,"Laxative, Other"
LAXOBERAL,"Laxative, Other"
MACROGOL,"Laxative, Other"
MIRALAX,"Laxative, Other"
SENNA LAXATIVE,"Laxative, Other"
SENOKOT,"Laxative, Other"
ARAVA,Leflunomide 
LEFLUNOMIDE,Leflunomide 
LERCANIDIPIN HYDROCHLORID ACTAVIS,Lercanidipine
LERCANIDIPINE,Lercanidipine
LERKANIDIPIN ACTAVIS,Lercanidipine
LETROZOLE,Letrozole 
LEUCOVORIN CALCIUM,Leucovorin Calcium
LEUPRORELIN,Leuprolide Acetate
LUPRON,Leuprolide Acetate
TRENANTONE,Leuprolide Acetate
LEVALBUTEROL,Levalbuterol Tartrate
XOPENEX,Levalbuterol Tartrate
KEPPRA,Levetiracetam 
KEPRA,Levetiracetam 
LEVETIRACETAM,Levetiracetam 
LEVOBUNOLOL,Levobunolol Hydrochloride
LEVOCETIRIZINE DIHYDROCHLORIDE,Levocetirizine Dihydrochloride
L-DOPA,Levodopa 
LEVOCOMP,Levodopa 
LEVODOPA,Levodopa 
LEVAQUIN,Levofloxacin  
LEVOFLOXACIN,Levofloxacin  
LEVOFLOXACINO,Levofloxacin  
LEVOQUIN,Levofloxacin  
LEVONORGESTREL,Levonorgestrel 
MINERA,Levonorgestrel 
MIRENA,Levonorgestrel 
SKYLA,Levonorgestrel 
AMETHIA,Levonorgestrel/ Ethinyl Estradiol 
DAYSEE,Levonorgestrel/ Ethinyl Estradiol 
EFEROX,Levothyroxine Sodium
ELTROXIN,Levothyroxine Sodium
EUTHYROX,Levothyroxine Sodium
EUTIROX,Levothyroxine Sodium
JODTHYROX,Levothyroxine Sodium
LEVAXIN,Levothyroxine Sodium
LEVOTHROID,Levothyroxine Sodium
LEVOTHYROXIN,Levothyroxine Sodium
LEVOTHYROXINE,Levothyroxine Sodium
LEVOTHYROXINE SODIUM,Levothyroxine Sodium
LEVOTIROXINA,Levothyroxine Sodium
LEVOXYL,Levothyroxine Sodium
L-THYROX,Levothyroxine Sodium
L-THYROXIN,Levothyroxine Sodium
L-THYROXINE,Levothyroxine Sodium
SYNTHROID,Levothyroxine Sodium
SYNTHYROID,Levothyroxine Sodium
THYREX,Levothyroxine Sodium
THYRONAJOD,Levothyroxine Sodium
THYROXINE,Levothyroxine Sodium
UNITHROID,Levothyroxine Sodium
LIDOCAINE,Lidocaine Hydrochloride
LIDOCAINE/HYDROCORTISONE,Lidocaine Hydrochloride
LIDOCAINE/PRILOCAINE,Lidocaine/ Prilocaine 
LIPRO,Lidocaine/ Prilocaine 
LIFITEGRAST,Lifitegrast 
LINZESS,Linaclotide  
LINAGLIPTIN,Linagliptin  
TRADJENTA,Linagliptin  
TRAJENTA,Linagliptin  
JENTADUETO,Linagliptin/ Metformin Hydrochloride 
CYTOMEL,Liothyronine Sodium
LIOTHYRONIN,Liothyronine Sodium
LIOTHYRONINE,Liothyronine Sodium
LIRAGLUTIDE,Liraglutide 
SAXENDA,Liraglutide 
VICTOZA,Liraglutide 
LISDEXAMFETAMINE,Lisdexamfetamine Dimesylate
ACEMIN,Lisinopril 
LISINOPRIL,Lisinopril 
PRINIVIL,Lisinopril 
LISINOPRIL AND HYDROCHLORTIAZIDE,Lisinopril/ Hydrochlorothiazide 
LISINOPRIL/HCTZ,Lisinopril/ Hydrochlorothiazide 
LISINOPRIL/HYDROCHLOROTHIAZIDE,Lisinopril/ Hydrochlorothiazide 
CARBONATE DE LITHIUM VIFOR,Lithium Carbonate
LITHIUM,Lithium Carbonate
LITHIUM CARBONATE,Lithium Carbonate
LOMUSTINE,Lomustine 
IMODIUM,Loperamide Hydrochloride
LOPERAMIDE,Loperamide Hydrochloride
LOPERAMIDE HCL,Loperamide Hydrochloride
LOPERAMIDE HYDROCHLORIDE,Loperamide Hydrochloride
ALAVERT,Loratadine
ALLERNON,Loratadine
CLARITIN,Loratadine
CLARITIN-D,Loratadine
LORATADINE,Loratadine
ATIVAN,Lorazepam 
DELORAZEPAM,Lorazepam 
LORAZEPAM,Lorazepam 
LORIVAN,Lorazepam 
ORFIDAL,Lorazepam 
TAVOR,Lorazepam 
BELVIQ,Lorcaserin Hydrochloride
COZAAR,Losartan Potassium
LOSARDEX,Losartan Potassium
LOSARTAN,Losartan Potassium
LOSARTAN POTASSIUM,Losartan Potassium
LOSARTAN POTASSIUM W/HYDROCHLOROTHIAZIDE,Losartan Potassium
LOSARTAN/HCTZ,Losartan Potassium
LOSARTIN,Losartan Potassium
OCSAAR,Losartan Potassium
PROSAN,Losartan Potassium
XARTAN,Losartan Potassium
HYZAAR,Losartan Potassium/ Hydrochlorothiazide 
LOTEMAX,Loteprednol Etabonate
LOTEPREDNOL,Loteprednol Etabonate
LOVASTATIN,Lovastatin 
AMITIZA,Lubiprostone 
LUBIPROSTONE,Lubiprostone 
LATUDA,Lurasidone Hydrochloride
NOBRITOL,Madazepam/ Amitriptyline Hydrochloride 
MAGNESIUM GLYCINATE W/PYRIDOXINE HYDROCHLORID,Magnesium Glycinate/ Pyridoxine Hydrochloride
MANGANESE,Manganese Chloride
MAPROTILINE,Maprotiline Hydrochloride
MEBEVERIN DURA,Mebeverine
MEBEVERINE,Mebeverine
MECLIZINE,Meclizine Hydrochloride
MEDAZEPAM,Medazepam
MEDROXYPROGESTERONE,Medroxyprogesterone 
PROVERA,Medroxyprogesterone 
MEDROXYPROGESTERONE ACETATE,Medroxyprogesterone Acetate
PREMIQUE,Medroxyprogesterone/ Estradiol
MEFLOQUINE,Mefloquine Hydrochloride
MELOXICAM,Meloxicam 
MOBIC,Meloxicam 
EBIXA,Memantine Hydrochloride
MEMANTIN,Memantine Hydrochloride
MEMANTINE,Memantine Hydrochloride
MEMANTINE HCL,Memantine Hydrochloride
NAMENDA,Memantine Hydrochloride
DEMEROL,Meperidine Hydrochloride
MEPIVACAINE,Mepivacaine
MERCAPTOPURINE,Mercaptopurine 
APRISO,Mesalamine 
ASACOL,Mesalamine 
CANASA,Mesalamine 
CLAVERSAL,Mesalamine 
LIALDA,Mesalamine 
MESALAMINE,Mesalamine 
MESALAZINE,Mesalamine 
PENTASA,Mesalamine 
MESTEROLONE,Mesterolone
METAMIZOL,Metamizole
METAMIZOLE,Metamizole
NOVALGIN,Metamizole
NOVAMINSULFON,Metamizole
SKELAXIN,Metaxalone 
GLUCOMIN,Metformin Hydrochloride
GLUCOPHAGE,Metformin Hydrochloride
MEFORMIN,Metformin Hydrochloride
METFORMIN,Metformin Hydrochloride
METFORMIN ER,Metformin Hydrochloride
METFORMIN HCL,Metformin Hydrochloride
METFORMINA,Metformin Hydrochloride
METFORMINE,Metformin Hydrochloride
EUCREAS,Metformin Hydrochloride/ Vildagliptin
METHADONE,Methadone Hydrochloride
METHENAMINE HIPPURATE,Methenamine Hippurate
METHIMAZOLE,Methimazole 
THIAMAZOL,Methimazole 
METHOCARBAMOL,Methocarbamol 
ROBAX PLATINUM,Methocarbamol 
ROBAXIN,Methocarbamol 
METHOTREXATE,Methotrexate 
METHOTREXATE SODIUM,Methotrexate 
CONCERTA,Methylphenidate Hydrochloride
METHYLPHENIDATE,Methylphenidate Hydrochloride
METHYLPHENIDATE HCL,Methylphenidate Hydrochloride
RITALIN,Methylphenidate Hydrochloride
METHYLPREDISOLONE,Methylprednisolone Acetate
METHYLPREDNISOLONE,Methylprednisolone Acetate
URBASON,Methylprednisolone Acetate
MEDROL,Methylprednisolone Sodium Succinate
METILPREDNISOLONE,Methylprednisolone Sodium Succinate
METOLAZONE,Metolazone 
METOPROLOL,Metoprolol Succinate
METOPROLOL SUCCINATE,Metoprolol Succinate
SELOZOK,Metoprolol Succinate
TOPROL,Metoprolol Succinate/ Hydrochlorothiazide 
TOPROL XL,Metoprolol Succinate/ Hydrochlorothiazide 
BELOC ZOK,Metoprolol Tartrate
LOPRESSOR,Metoprolol Tartrate
METOPROLOL TARTRATE,Metoprolol Tartrate
FLAGYL,Metronidazole 
METROCREAM,Metronidazole 
METROGEL,Metronidazole 
METROLOTION,Metronidazole 
METRONIDAZOL,Metronidazole 
METRONIDAZOLE,Metronidazole 
MICONAZOLE NITRATE,Miconazole Nitrate
VERSED,Midazolam
GUTRON,Midodrine Hydrochloride
MIDODRINE,Midodrine Hydrochloride
MIDODRINE HCL,Midodrine Hydrochloride
MILNACIPRAN,Milnacipran Hydrochloride
MINOCYCLINE,Minocycline Hydrochloride
MINOXIDIL,Minoxidil 
ROGAINE,Minoxidil 
ROGAINE FOR MEN,Minoxidil 
BETMIGA,Mirabegron  
MIRABEGRON,Mirabegron  
MYRBETRIQ,Mirabegron  
MIRO,Mirtazapine 
MIRTAZAPIN,Mirtazapine 
MIRTAZAPINE,Mirtazapine 
REMERGIL,Mirtazapine 
REMERON,Mirtazapine 
MISOPROSTOL,Misoprostol 
MODAFINIL,Modafanil
PROVIGIL,Modafanil
ASMANEX,Mometasone Furoate
MOMETASONE,Mometasone Furoate
MOMETASONE FUROATE,Mometasone Furoate
NASONEX,Mometasone Furoate
DULERA,Mometasone Furoate/ Formoterol Fumarate Dihydrate 
MONTELUKAST,Montelukast Sodium
MONTELUKAST ACCORD,Montelukast Sodium
MONTELUKAST SODIUM,Montelukast Sodium
SINGULAIR,Montelukast Sodium
MORPHINE,Morphine Sulfate
MORPHINE SULFATE,Morphine Sulfate
AVELOX,Moxifloxacin Hydrochloride
MOXIFLOXACIN,Moxifloxacin Hydrochloride
VIGAMOX,Moxifloxacin Hydrochloride
MUPIROCIN,Mupirocin
CELLCEPT,Mycophenolate Mofetil
MYCOPHENOLATE MOFETIL,Mycophenolate Mofetil
NABUMETONE,Nabumetone 
RELAFEN,Nabumetone 
RELAFIN,Nabumetone 
NADOLOL,Nadolol 
BENDROFLUMETHIAZIDE,Nadolol/ Bendroflumethiazide 
NALOXONA,Naloxone Hydrochloride
NALOXONE,Naloxone Hydrochloride
NALTREXONE,Naloxone Hydrochloride
NARCAN,Naloxone Hydrochloride
VALORON N,Naloxone Hydrochloride
CONTRAVE,Naltrexone Hydrochloride/ Bupropion Hydrochloride 
ALEVE,Naproxen 
ALEVE PM,Naproxen 
NAPRILENE,Naproxen 
NAPROSYN,Naproxen 
NAPROXEN,Naproxen 
NAPROXENE,Naproxen 
NAPROXENO,Naproxen 
NAPROXIN,Naproxen 
NAPROXEN SODIUM,Naproxen Sodium
NAPROXENE SODIQUE EG,Naproxen Sodium
ESOMEPRAZOLE MAGNESIUM W/NAPROXEN,Naproxen/ Esomeprazole Magnesium 
VIMOVO,Naproxen/ Esomeprazole Magnesium 
BYSTOLIC,Nebivolol Hydrochloride
NEBILAN,Nebivolol Hydrochloride
NEBILET,Nebivolol Hydrochloride
NEBILOX,Nebivolol Hydrochloride
NEBIVOLOL,Nebivolol Hydrochloride
NEBIVOLOL HYDROCHLORIDE,Nebivolol Hydrochloride
NOMEXOR,Nebivolol Hydrochloride
ALOCRIL,Nedocromil Sodium
NEFAZODONE,Nefazodone Hydrochloride
NEOMYCIN,Neomycin/ Polymyxin B Sulfates/ Bacitracin Zinc/ Hydrocortisone  
NEOSPORIN,Neomycin/ Polymyxin B Sulfates/ Bacitracin Zinc/ Hydrocortisone  
MAXITROL,Neomycin/ Polymyxin B Sulfates/ Bacitracin Zinc/ Hydrocortisone Acetate  
DETHAMYCIN,Neomycin/ Polymyxin B Sulfates/ Dexamethasone 
ILEVRO,Nepafenac 
NEPAFENAC,Nepafenac 
NEVANAC,Nepafenac 
VIRAMUNE,Nevirapine 
NIACIN,Niacin 
NIASPAN,Niacin 
SLO-NIACIN,Niacin 
NICARDIPINE,Nicardipine Hydrochloride
NICARDIPINO RATIOPHARM,Nicardipine Hydrochloride
DANCOR,Nicorandil
NICORANDIL,Nicorandil
NIFEDICAL XL,Nifedipine 
NIFEDIPINE,Nifedipine 
NIFEDIPINE XL,Nifedipine 
PROCARDIA,Nifedipine 
PROCARDIA XL,Nifedipine 
NILOTINIB,Nilotinib Hydrochloride Monohydrate
NISOLDIPINE,Nisoldipine 
MACROBID,Nitrofurantoin 
MACRODANTIN,Nitrofurantoin 
NITROFURANT MACRO,Nitrofurantoin 
NITROFURANTOIN,Nitrofurantoin 
NITROGLYCERIN,Nitroglycerin 
NITROQUICK,Nitroglycerin 
NITROSTAT,Nitroglycerin 
PRESTIGESIC PLUS,"Nonsteroidal Anti-inflammatory Drugs, Other"
ETHINYLESTRADIOL W/NORELGESTROMIN,Norelgestromin/ Ethinyl Estradiol 
NORETHINDRONE,Norethindrone 
LOESTRIN,Norethindrone Acetate
LOESTRIN FE,Norethindrone Acetate
NORETHISTERONE,Norethindrone Acetate
COMBIPATCH,Norethindrone Acetate/ Ethinyl Estradiol 
JEVANTIQUE,Norethindrone Acetate/ Ethinyl Estradiol 
LO LOESTRIN FE,Norethindrone Acetate/ Ethinyl Estradiol 
MICROGESTIN,Norethindrone Acetate/ Ethinyl Estradiol 
MICROGESTIN FE,Norethindrone Acetate/ Ethinyl Estradiol 
NORETHINDRONE ACETATE AND ETHINYL ESTRADIOL A,Norethindrone Acetate/ Ethinyl Estradiol 
OVCON-35,Norethindrone Acetate/ Ethinyl Estradiol 
ORTHO TRI-CYCLEN,Norgestimate/ Ethinyl Estradiol 
ORTHO TRI-CYCLEN LO,Norgestimate/ Ethinyl Estradiol 
TRI-SPRINTEC,Norgestimate/ Ethinyl Estradiol 
NORTRIPTYLIN,Nortriptyline Hydrochloride
NORTRIPTYLINE,Nortriptyline Hydrochloride
NORTRIPTYLINE HCL,Nortriptyline Hydrochloride
NYSTADERMAL,Nystatin 
NYSTATIN,Nystatin 
NYSTOP,Nystatin 
NYSTATIN W/TRIAMCINOLONE,Nystatin/ Triamcinolone Acetonide 
FEMOSTON,Oestradiol/ Didrogesteron
OFLOXACIN,Ofloxacin 
OFLOXACINE,Ofloxacin 
OLANZAPINE,Olanzapine 
HYDROCHLOROTHIAZIDE W/OLMESARTAN,Olmesartan Medoxmil/ Hydrochlorothiazide 
OLMETEC PLUS,Olmesartan Medoxmil/ Hydrochlorothiazide 
BENICAR,Olmesartan Medoxomil
BENICAR HCT,Olmesartan Medoxomil
OLMESARTAN,Olmesartan Medoxomil
OLMESARTAN MEDOXOMIL,Olmesartan Medoxomil
OLOPATADINE,Olopatadine Hydrochloride
OLOPATADINE HYDROCHLORIDE,Olopatadine Hydrochloride
PATANASE,Olopatadine Hydrochloride
PATANOL,Olopatadine Hydrochloride
LOVAZA,Omega-3-acid Ethyl Esters 
LOSEC,Omeprazole 
OMEPRADEX,Omeprazole 
OMEPRAZOL,Omeprazole 
OMEPRAZOLE,Omeprazole 
PRILOSEC,Omeprazole 
OTC-HP,Omeprazole/ Clarithromycin/ Amoxicillin  
OMOCONAZOLE,Omoconazole
ONDANSETRAN,Ondansetron 
ONDANSETRON,Ondansetron 
ONDANSETRON HCL,Ondansetron 
ZOFRAN,Ondansetron 
BAUSCH & LOMB MOISTURE EYES,"Ophthalmic Agents, Other"
BLEPHASOL,"Ophthalmic Agents, Other"
CORTICOSTEROIDS FOR LOCAL ORAL TREATMENT,"Ophthalmic Agents, Other"
EYE DROPS,"Ophthalmic Agents, Other"
HYPROMELLOSE,"Ophthalmic Agents, Other"
NASAL PREPARATIONS,"Ophthalmic Agents, Other"
NASAL SPRAY II,"Ophthalmic Agents, Other"
NEILMED SINUS RINSE,"Ophthalmic Agents, Other"
OTHER OPHTHALMOLOGICALS,"Ophthalmic Agents, Other"
PHXA41,"Ophthalmic Agents, Other"
OPICAPONE,Opicapone
OPIPRAMOL,Opipramol
ORLISTAT,Orlistat 
ORPHENADRINE CITRATE,Orphenadrine Citrate
OSELTAMIVIR,Oseltamivir Phosphate
TAMIFLU,Oseltamivir Phosphate
OSPEMIFENE,Ospemifene 
OSPHENA,Ospemifene 
STRODIVAL,Ouabain
OXAPROZIN,Oxaprozin 
VABEN,Oxazepam 
OXCARBAZEPINE,Oxcarbazepine 
OXISTAT,Oxiconazole Nitrate
DITROPAN XL,Oxybutynin Chloride
KENTERA,Oxybutynin Chloride
OXYBUTIN,Oxybutynin Chloride
OXYBUTYN,Oxybutynin Chloride
OXYBUTYNIN,Oxybutynin Chloride
OXYBUTYNIN CHLORIDE,Oxybutynin Chloride
OXYTROL,Oxybutynin Chloride
OXYCODONE,Oxycodone Hydrochloride
OXYCODONE HCL,Oxycodone Hydrochloride
OXYCODONE/APAP,Oxycodone Hydrochloride
OXYCONTIN,Oxycodone Hydrochloride
ACETAMINOPHEN W/HYDROCODONE,Oxycodone Hydrochloride/ Acetaminophen 
ACETAMINOPHEN W/OXYCODONE,Oxycodone Hydrochloride/ Acetaminophen 
HYDROCODONE/ACETAMINOPHEN,Oxycodone Hydrochloride/ Acetaminophen 
OXYCODONE AND ACETAMINOPHEN,Oxycodone Hydrochloride/ Acetaminophen 
PERCOCET,Oxycodone Hydrochloride/ Acetaminophen 
TYLENOL WITH CODEINE,Oxycodone Hydrochloride/ Acetaminophen 
NALOXONE W/OXYCODONE,Oxycodone Hydrochloride/ Naloxone
TARGIN,Oxycodone Hydrochloride/ Naloxone
AFRIN,Oxymetazoline
OXYMETAZOLINE HYDROCHLORIDE,Oxymetazoline
ZICAM NASAL MOISTURIZER,Oxymetazoline
ALOXI,Palonosetron Hydrochloride
CREON,Pancrelipase 
CONTROLOC,Pantoprazole Sodium
PANTOLOC,Pantoprazole Sodium
PANTOPRAZOL,Pantoprazole Sodium
PANTOPRAZOLE,Pantoprazole Sodium
PANTOPRAZOLE SODIUM,Pantoprazole Sodium
PANTOZOL,Pantoprazole Sodium
PROTONIX,Pantoprazole Sodium
SOMAC,Pantoprazole Sodium
ZURCAL,Pantoprazole Sodium
THYROID,Parathyroid Hormone 
THYROID HORMONES,Parathyroid Hormone 
THYROID PREPARATIONS,Parathyroid Hormone 
PARICALCITOL,Paricalcitol 
BRISDELLE,Paroxetine Hydrochloride
PAROXETIN,Paroxetine Hydrochloride
PAROXETINA,Paroxetine Hydrochloride
PAROXETINE,Paroxetine Hydrochloride
PAXIL,Paroxetine Hydrochloride
PAXXET,Paroxetine Hydrochloride
SEROXAT,Paroxetine Hydrochloride
PEMETREXED,Pemetrexed Disodium
FAMVIR,Penciclovir 
PENCICLOVIR,Penciclovir 
PENICILLIN,Penicillin V Potassium
PENICILLIN VK,Penicillin V Potassium
TILIDIN,Pentazocine Lactate/ Naloxone
TILIDINE,Pentazocine Lactate/ Naloxone
ELMIRON,Pentosan Polysulfate Sodium
PENTOXIFYLLINE,Pentoxifylline 
TRENTAL,Pentoxifylline 
AMLODIPINE W/PERINDOPRIL,Perindopril Arginine/ Amlodipine Besylate 
PERINDOPRIL,Perindopril Erbumine
PHENAZOPYRIDINE,Phenazopyridine
FENOBARBITAL,Phenobarbital 
MARCUMAR,Phenprocoumon
ADIPEX,Phentermine Hydrochloride
PHENTERMINE,Phentermine Hydrochloride
PHENYLEPHRINE HCL,Phenylephrine Hydrochloride 
PHENYLEPHRINE HYDROCHLORIDE,Phenylephrine Hydrochloride 
PREPARATION H,Phenylephrine Hydrochloride 
DILANTIN,Phenytoin Sodium
PHLOROGLUCINOL,Phloroglucinol
PILOCARPINE,Pilocarpine Hydrochloride
ELIDEL,Pimecrolimus 
PIMECROLIMUS,Pimecrolimus 
PINACIDIL,Pinacidil
PINDOLOL,Pindolol 
ACTOS,Pioglitazone Hydrochloride
PIOGLITAZONE,Pioglitazone Hydrochloride
ACTOPLUS MET,Pioglitazone Hydrochloride/ Metformin Hydrochloride 
PIPERACILLIN,Piperacillin Sodium/ Tazobactam Sodium 
PIRACETAM,Piracetam
PIRETANID,Piretanide
CLARIUM,Piribedil
PIRIBEDIL,Piribedil
PIROXICAM,Piroxicam 
LIVALO,Pitavastatin 
PITAVASTATIN,Pitavastatin 
PITAVASTATIN CALCIUM TEVA,Pitavastatin 
PLATINUM,Platinum-based Antineoplastic
PNEUMOCOCCAL 13 VALENT VACCINE,Pneumococcal 13-Valent Conjugate Vaccine
PNEUMOCOCCAL VACCINE,Pneumococcal 13-Valent Conjugate Vaccine
PNEUMOVAX,Pneumococcal 13-Valent Conjugate Vaccine
PREVNAR,Pneumococcal 13-Valent Conjugate Vaccine
POLIO VACCINE,Poliovirus Vaccine Inactivated
MOLAXOLE,Polyethylene Glycol 3350 NF 
NULYTELY,Polyethylene Glycol 3350 NF 
MOVIPREP,Polyethylene Glycol 3350/ Sodium Sulfate/ Sodium Chloride/ Potassium Chloride/ Ascorbic Acid/ Sodium Ascorbate 
POLYETHYLENE GLYCOL,Polyethylene glycol 400
POLYETHYLENE GLYCOL 3350,Polyethylene glycol 400
SYSTANE,Polyethylene glycol 400
SYSTANE BALANCE,Polyethylene glycol 400
SYSTANE ULTRA,Polyethylene glycol 400
KALIUM,Potassium Chloride
K-TAB,Potassium Chloride
POTASSIUM CHLORIDE,Potassium Chloride
PROTEGRA,Potassium Chloride
POTASSIUM CITRATE,Potassium Citrate
UROCIT-K,Potassium Citrate
POTASSIUM GLUCONATE,Potassium Gluconate
LUGOLS,Potassium Iodide
LUGOL'S SOLUTION,Potassium Iodide
SSKI,Potassium Iodide
POTASSIUM PHOSPHATE DIBASIC,Potassium Phosphates
MIRAPEX,Pramipexole Dihydrochloride
MIRAPEXIN,Pramipexole Dihydrochloride
OPRYMEA,Pramipexole Dihydrochloride
PRAMIPEXOL,Pramipexole Dihydrochloride
PRAMIPEXOLE,Pramipexole Dihydrochloride
PRAMIPEXOLE DIHYDROCHLORIDE,Pramipexole Dihydrochloride
SIFROL,Pramipexole Dihydrochloride
DEHYDROEPIANDROSTERONE,Prasterone 
DHEA,Prasterone 
EFIENT,Prasugrel Hydrochloride
PRASUGREL,Prasugrel Hydrochloride
PRAVACHOL,Pravastatin Sodium
PRAVALIP,Pravastatin Sodium
PRAVASTATIN,Pravastatin Sodium
PRAVASTATIN SODIUM,Pravastatin Sodium
PRAVASTATINA,Pravastatin Sodium
PRAZOSIN,Prazosin Hydrochloride
PRAZOSIN HCL,Prazosin Hydrochloride
DECORTIN H,Prednisolone Acetate
FONERGIN,Prednisolone Acetate
OMNIPRED,Prednisolone Acetate
PREDNISOL,Prednisolone Acetate
PREDNISOLON,Prednisolone Acetate
PREDNISOLONE,Prednisolone Acetate
PREDNISOLONE ACETATE,Prednisolone Acetate
PREDNISONE,Prednisone 
LYRICA,Pregabalin 
PREGABALIN,Pregabalin 
PREGABALINA,Pregabalin 
PREGNENOLONE,Pregnenolone
MYSOLINE,Primidone 
PRIMIDON,Primidone 
PRIMIDONE,Primidone 
COLCHICINE W/PROBENECID,Probenecid/ Colchicine 
PROCHLORPERAZINE,Prochlorperazine Maleate
PROCHLORPERAZINE MALEATE,Prochlorperazine Maleate
DUPHASTON,Progesterone 
LUTIN,Progesterone 
PROGESTERONE,Progesterone 
PROMETRIUM,Progesterone 
PROXIL,Proglumetacin Dimaleate
PHENERGAN,Promethazine Hydrochloride
PROMETHAZINE,Promethazine Hydrochloride
PROTHIAZINE,Promethazine Hydrochloride
SOMINEX,Promethazine Hydrochloride
PROFEX,Propafenone Hydrochloride
PROPAFENONE,Propafenone Hydrochloride
RYTHMEX,Propafenone Hydrochloride
RYTHMOL,Propafenone Hydrochloride
PROPIVERIN HCL STADA,Propiverine Hydrochloride
PROPOFOL,Propofol
PROPOXYPHENE HYDROCHLORIDE AND ACETAMINOPHEN,Propoxyphene
PROPANOLOL,Propranolol 
PROPRANOLOL,Propranolol 
SUMIAL,Propranolol 
DERALIN,Propranolol Hydrochloride
INDERAL,Propranolol Hydrochloride
SLOW DERALIN,Propranolol Hydrochloride
OTHER ANTIHYPERTENSIVES,"Pulmonary Antihypertensives, Other"
PYRAZINAMIDE,Pyrazinamide 
MESTINON,Pyridostigmine Bromide
PYRIDOSTIGMINE,Pyridostigmine Bromide
QUETAPEL,Quetiapine Fumarate
QUETIAPIN,Quetiapine Fumarate
QUETIAPINA,Quetiapine Fumarate
QUETIAPINE,Quetiapine Fumarate
QUETIAPINE FUMARATE,Quetiapine Fumarate
SEROQUEL,Quetiapine Fumarate
QUINAPRIL,Quinapril Hydrochloride
LIMPTAR,Quinine Sulfate
QUININE,Quinine Sulfate
QUINISOCAINE HYDROCHLORIDE,Quinisocaine Hydrochloride
QUINOLONE ANTIBACTERIALS,"Quinolone, Other"
QUINONE,Quinone
ACIPHEX,Rabeprazole Sodium
PARIET,Rabeprazole Sodium
RABEPRAZOL,Rabeprazole Sodium
RABEPRAZOLE,Rabeprazole Sodium
EVIANA,Raloxifene Hydrochloride
EVISTA,Raloxifene Hydrochloride
RALOXIFENE,Raloxifene Hydrochloride
ISENTRESS,Raltegravir Potassium
RALTEGRAVIR,Raltegravir Potassium
RANITIDINA,Ranitidine Hydrochloride
RANITIDINE,Ranitidine Hydrochloride
RANITIDINE HCL,Ranitidine Hydrochloride
RANTIDINE,Ranitidine Hydrochloride
ZANTAC,Ranitidine Hydrochloride
RANEXA,Ranolazine 
RANOLAZINE,Ranolazine 
AZILECT,Rasagiline Mesylate
RASAGILINE,Rasagiline Mesylate
RASAGILINE MESYLATE,Rasagiline Mesylate
EDRONAX,Reboxetine
REBOXETINE,Reboxetine
PRANDIN,Repaglinide 
REPAGLINIDE,Repaglinide 
RIBAPAK,Ribavirin 
RIFAMPICIN,Rifampin 
RIFAMPICINA,Rifampin 
RIFAMPIN,Rifampin 
RIFAMYCIN,Rifamycin 
RIFAXIMIN,Rifaximin 
XIFAXAN,Rifaximin 
RILMENIDINE,Rilmenidine
RILUTEK,Riluzole 
MYOBLOC,RimabotulinumtoxinB 
RIMANTADINE,Rimantadine Hydrochloride
ACTONEL,Risedronate Sodium
RIBONE,Risedronate Sodium
RISEDRONATE,Risedronate Sodium
RISEDRONATE SODIUM,Risedronate Sodium
RISPERDAL,Risperidone 
RISPERIDONE,Risperidone 
RITUXAN,Rituximab/ Hyaluronidase 
RIVAROXABAN,Rivaroxaban  
XARELTO,Rivaroxaban  
EXELON,Rivastigmine 
RIVASTIGMINA,Rivastigmine 
RIVASTIGMINE,Rivastigmine 
RIVASTIGMINE TARTRATE,Rivastigmine Tartrate
MAXALT,Rizatriptan Benzoate
RIZATRIPTAN,Rizatriptan Benzoate
RIZATRIPTAN BENZOATE,Rizatriptan Benzoate
VIOXX,Rofecoxib
ROMOSOZUMAB,Romosozumab 
REQUIP,Ropinirole Hydrochloride
REQUIP-MODUTAB,Ropinirole Hydrochloride
ROPINIROLE,Ropinirole Hydrochloride
ROPINIROLE HCL,Ropinirole Hydrochloride
ROPINIROLE HYDROCHLORIDE,Ropinirole Hydrochloride
CRESTOR,Rosuvastatin Calcium
ROSUVASTATIN,Rosuvastatin Calcium
ROSUVASTATIN CALCIUM,Rosuvastatin Calcium
ROSUVASTATINE,Rosuvastatin Calcium
ROSUVASTIN,Rosuvastatin Calcium
NEUPRO,Rotigotine 
ROTIGOTINA,Rotigotine 
ROTIGOTINE,Rotigotine 
RUXOLITINIB,Ruxolitinib Phosphate
SACCHAROMYCES BOULARDII,Saccharomyces boulardii
ULTRA LEVURE,Saccharomyces boulardii
SAFINAMIDA,Safinamide 
SAFINAMIDE,Safinamide 
SALMETEROL,Salmeterol Xinafoate
VIANI,Salmeterol Xinafoate
ONGLYZA,Saxagliptin 
SAXAGLIPTIN,Saxagliptin 
KOMBIGLYZE,Saxagliptin/ Metformin Hydrochloride 
KOMBOGLYZE,Saxagliptin/ Metformin Hydrochloride 
SCOPOLAMINE,Scopolamine 
SELEGILIN,Selegiline 
SELEGILINA,Selegiline 
SELEGILINE,Selegiline 
ELDEPRYL,Selegiline Hydrochloride
SELEGILINE HCL,Selegiline Hydrochloride
SELEGILINE HYDROCHLORIDE,Selegiline Hydrochloride
SEMAGLUTIDE,Semaglutide 
PRUNELAX,Senna
SENNA,Senna
SENNA LEAF,Senna
SENNA PLUS,Senna
SENNA S,Senna
LUSTRAL,Sertraline Hydrochloride
SERTRALINA,Sertraline Hydrochloride
SERTRALINE,Sertraline Hydrochloride
SERTRALINE HCL,Sertraline Hydrochloride
SERTRALINE HYDROCHLORIDE,Sertraline Hydrochloride
ZOLOFT,Sertraline Hydrochloride
SEVELAMER,Sevelamer Hydrochloride
ZOSTAVAX,Shingles Vaccine
REVATIO,Sildenafil Citrate
SILDENAFIL,Sildenafil Citrate
SILDENAFIL CITRATE,Sildenafil Citrate
VIAGRA,Sildenafil Citrate
RAPAFLO,Silodosin 
SILODOSIN,Silodosin 
SILODOSINA,Silodosin 
UROREC,Silodosin 
SIMETHICONE,Simethicone
SIMETICONA,Simethicone
SIMETICONE,Simethicone
SIMCOR,Simvastatin 
SIMVA ARISTO,Simvastatin 
SIMVABETA,Simvastatin 
SIMVACOR,Simvastatin 
SIMVAHEXAL,Simvastatin 
SIMVASTATIN,Simvastatin 
SIMVASTATIN ARISTO,Simvastatin 
SIMVASTATINA,Simvastatin 
SIMVASTATINE,Simvastatin 
SIMVASTIN,Simvastatin 
ZOCOR,Simvastatin 
JANUVIA,Sitagliptin Phosphate
SITAGLIPTIN,Sitagliptin Phosphate
SITAGLIPTINA,Sitagliptin Phosphate
SITAGLIPTINE,Sitagliptin Phosphate
JANUET,Sitagliptin/ Metformin Hydrochloride 
JANUMET,Sitagliptin/ Metformin Hydrochloride 
METFORMIN W/SITAGLIPTIN,Sitagliptin/ Metformin Hydrochloride 
SLEEP AID,"Sleep Promoting Agents, Other"
SODIUM BICARBONATE,Sodium Bicarbonate
CARBOXYMETHYLCELLULOSE SODIUM,Sodium Carboxymethylcellulose
OPTIVE,Sodium Carboxymethylcellulose
REFRESH,Sodium Carboxymethylcellulose
REFRESH OPTIVE,Sodium Carboxymethylcellulose
REFRESH PLUS,Sodium Carboxymethylcellulose
REFRESH TEARS,Sodium Carboxymethylcellulose
REFRESH TEARS PLUS,Sodium Carboxymethylcellulose
REFRESH-TEARS,Sodium Carboxymethylcellulose
THERA TEARS,Sodium Carboxymethylcellulose
CONDROSULF,Sodium Chondroitin/Sodium Hyaluronate
HYALURONATE SODIUM,Sodium Chondroitin/Sodium Hyaluronate
THEALOZ,Sodium Chondroitin/Sodium Hyaluronate
VISCOAT,Sodium Chondroitin/Sodium Hyaluronate
SODIUM OXYBATE,Sodium Oxybate
SULPHOFAX,Sodium Picosulfate/ Magnesium Oxide/ Anhydrous Citric Acid 
SOLIFENACIN,Solifenacin Succinate
SOLIFENACIN SUCCINATE,Solifenacin Succinate
SOLIFENACINA,Solifenacin Succinate
SOLIFENACINE,Solifenacin Succinate
VESICARE,Solifenacin Succinate
VESIKUR,Solifenacin Succinate
NORDITROPIN,Somatropin 
SOTALOL,Sotalol Hydrochloride
SPASMOLYT,Spasmolyt
ALDACTONE,Spironolactone 
SPIRONOLACTON,Spironolactone 
SPIRONOLACTONE,Spironolactone 
SPIRONOLACTONE AND HYDROCHLOROTHIAZIDE,Spironolactone/ Hydrochlorothiazide 
STRONTIUM,Strontium
STRONTIUM CITRATE,Strontium
SUCRALFATE,Sucralfate 
SODIUM SULFACETAMIDE,Sulfacetamide Sodium
SODIUM SULFACETAMIDE AND SULFUR,Sulfacetamide Sodium
SULFA,Sulfacetamide Sodium  
BACTRIM,Sulfamethoxazole/ Trimethoprim 
BACTRIM DS,Sulfamethoxazole/ Trimethoprim 
SEPTRA,Sulfamethoxazole/ Trimethoprim 
SMZ-TMP DS,Sulfamethoxazole/ Trimethoprim 
SULFAMETHOXAZOLE,Sulfamethoxazole/ Trimethoprim 
SULFAMETHOXAZOLE W/TRIMETHOPRIM,Sulfamethoxazole/ Trimethoprim 
AZULFIDINE,Sulfasalazine 
SULFASALAZIN,Sulfasalazine 
SULFASALAZINE,Sulfasalazine 
SULPIRIDA,Sulpiride
IMITREX,Sumatriptan 
SUMATRIPTAN,Sumatriptan 
SUMATRIPTAN SUCCINATE,Sumatriptan 
TREXIMET,Sumatriptan/ Naproxen Sodium 
BELSOMRA,Suvorexant 
SUVOREXANT,Suvorexant 
PROTOPIC,Tacrolimus 
TACROLIMUS,Tacrolimus 
CIALIS,Tadalafil 
TADALAFIL,Tadalafil 
ELELYSO,Taliglucerase Alfa  
TALIGLUCERASE ALFA,Taliglucerase Alfa  
TAMOXIFEN,Tamoxifen Citrate
TAMOXIFENO,Tamoxifen Citrate
ALNA,Tamsulosin Hydrochloride
FLOMAX,Tamsulosin Hydrochloride
TAMSULIN,Tamsulosin Hydrochloride
TAMSULOSIN,Tamsulosin Hydrochloride
TAMSULOSIN HCL,Tamsulosin Hydrochloride
TAMSULOSIN HYDROCHLORIDE,Tamsulosin Hydrochloride
TAMSULOSINA,Tamsulosin Hydrochloride
TAMSULOSINE,Tamsulosin Hydrochloride
TAMULOSIN,Tamsulosin Hydrochloride
PALEXIA,Tapentadol Hydrochloride
TAPENTADOL,Tapentadol Hydrochloride
TAVABOROLE,Tavaborole 
TELITHROMYCIN,Telithromycin
MICARDIS,Telmisartan 
TELMISARTAN,Telmisartan/ Amlodipine 
TWYNSTA,Telmisartan/ Amlodipine 
MICARDIS PLUS,Telmisartan/ Hydrochlorothiazide 
RESTORIL,Temazepam 
TEMAZEPAM,Temazepam 
TEMODAR,Temozolomide 
TENOFOVIR ALAFENAMIDE,Tenofovir Alafenamide
HYTRIN,Terazosin Hydrochloride
TERASOSINE,Terazosin Hydrochloride
TERAZOSIN,Terazosin Hydrochloride
TERAZOSIN HCL,Terazosin Hydrochloride
LAMISIL,Terbinafine Hydrochloride
TERBINAFINE,Terbinafine Hydrochloride
TERBINAFINE HCL,Terbinafine Hydrochloride
TERBINAFINE HYDROCHLORIDE,Terbinafine Hydrochloride
FORTEO,Teriparatide 
TERIPARATIDE,Teriparatide 
ANDRODERM,Testosterone Cypionate
ANDROGEL,Testosterone Cypionate
AXIRON,Testosterone Cypionate
DEPO-TESTOSTERONE,Testosterone Cypionate
TESTIM,Testosterone Cypionate
TESTOSTERONE,Testosterone Cypionate
TESTOSTERONE CYPIONATE,Testosterone Cypionate
TDAP IPV,"Tetanus Toxoid, Reduced Diphtheria Toxoid and Acellular Pertussis Vaccine, Adsorbed (Tdap)"
TETRACYCLINE,Tetracycline Hydrochloride
MYOLASTAN,Tetrazepam
TETRAZEPAM,Tetrazepam
THEOPHYLLIN,Theophylline 
LIVIAL,Tibolone
BRILINTA,Ticagrelor  
BRILIQUE,Ticagrelor  
TICAGRELOR,Ticagrelor  
TICLOPIDINE,Ticlopidine Hydrochloride
TIMOLOL,Timolol Maleate
TIMOLOL + DORZOLAMIDA ACTAVIS,Timolol Maleate
TIMOLOL + DORZOLAMIDA TEVA,Timolol Maleate
TIMOLOL MALEATE,Timolol Maleate
V-OPTIC,Timolol Maleate
TINIDAZOLE,Tinidazole  
SPIRIVA,Tiotropium Bromide 
TIOTROPIUM,Tiotropium Bromide 
TIOTROPIUM BROMIDE,Tiotropium Bromide 
TIZANIDINE,Tizanidine Hydrochloride
ZANAFLEX,Tizanidine Hydrochloride
TOBRAMICINA,Tobramycin  
TOBRAMYCIN,Tobramycin  
TOBRAMYCIN SULFATE,Tobramycin Sulfate
XELJANZ,Tofacitinib 
TASMAR,Tolcapone 
TOLMETIN,Tolmetin Sodium
TOLNAFTATE,Tolnaftate
DETROL,Tolterodine Tartrate
DETRUSITOL,Tolterodine Tartrate
TOLTERODINE,Tolterodine Tartrate
TOLTERODINE TARTRATE,Tolterodine Tartrate
SALONPAS,Topical Analgesic
FUSIDIC ACID,"Topical Anti-infectives, Other"
GOLDENSEAL,"Topical Anti-infectives, Other"
TOPAMAX,Topiramate 
TOPIRAMATE,Topiramate 
DEMADEX,Torsemide 
TORASEMID,Torsemide 
TORASEMID AL,Torsemide 
TORASEMIDA BAYVIT,Torsemide 
TORASEMIDE,Torsemide 
TORSEMIDE,Torsemide 
TRAMADOL,Tramadol Hydrochloride
TRAMADOL HCL,Tramadol Hydrochloride
ULTRACET,Tramadol Hydrochloride
ZALDIAR,Tramadol Hydrochloride/ Acetaminophen 
PARACETAMOL,Tramadol Hydrochloride/ Paracetamol
TARKA,Trandolapril/ Verapamil Hydrochloride 
TRANEXAMIC,Tranexamic Acid 
TRANEXAMIC ACID,Tranexamic Acid 
PARNATE,Tranylcypromine Sulfate
TRAVATAN,Travoprost 
TRAVATANZ,Travoprost 
TRAVOPROST,Travoprost 
TRAZODIL,Trazodone Hydrochloride
TRAZODONA,Trazodone Hydrochloride
TRAZODONE,Trazodone Hydrochloride
TRAZODONE HCL,Trazodone Hydrochloride
TRITTICO,Trazodone Hydrochloride
TRETINOIN,Tretinoin 
KENALOG,Triamcinolone 
NASACORT,Triamcinolone Acetonide
NASICORTIN,Triamcinolone Acetonide
NASOCORT,Triamcinolone Acetonide
TRIAMCINOLONE,Triamcinolone Acetonide
TRIAMCINOLONE ACETONIDE,Triamcinolone Acetonide
TRIAMTERENE,Triamterene 
DYAZIDE,Triamterene/ Hydrochlorothiazide 
HYDROCHLOROTHIAZIDE W/TRIAMTERENE,Triamterene/ Hydrochlorothiazide 
TRIAMTEREN COMP,Triamterene/ Hydrochlorothiazide 
TRIAMTERENE AND HYDROCHLOROTHIAZIDE,Triamterene/ Hydrochlorothiazide 
HALCION,Triazolam
TRIAZOLAM,Triazolam
LOGAMEL,Triclosan
ARTANE,Trihexyphenidyl Hydrochloride
TRIHEXYPHENIDYL,Trihexyphenidyl Hydrochloride
TIGAN,Trimethobenzamide Hydrochloride
TRIMETHOBENZAMIDE,Trimethobenzamide Hydrochloride
TRIMETHOPRIM,Trimethoprim 
PSEUDOEPHEDRINE,Triprolidine Hydrochloride/ Pseudoephedrine Hydrochloride/ Codeine  
PSEUDOEPHEDRINE AND TRIPROLIDINE,Triprolidine Hydrochloride/ Pseudoephedrine Hydrochloride/ Codeine  
SANCTURA,Trospium Chloride
SPASMEX,Trospium Chloride
SPASMEX COMPOSITUM,Trospium Chloride
TROSPIUM,Trospium Chloride
TROSPIUM CHLORIDE,Trospium Chloride
TYPHOID VACCINE,Typhoid Vi Polysaccharide Vaccine
UMECLIDINIUM BROMIDE W/VILANTEROL,Umeclidinium Bromide/ Vilanterol Trifenatate 
UNDECENOIC ACID,Undecenoic Acid
YOKIS,Unidentified/Other
ALLERGENS NOS,Unidentified/Other
ALLERGY,Unidentified/Other
ALLERGY MEDICATION,Unidentified/Other
ANTIHISTAMINES,Unidentified/Other
ANTI-INFLAMMATORY,Unidentified/Other
ANTIINFLAMMATORY AGENTS,Unidentified/Other
ANTIOXIDANT,Unidentified/Other
ARMOUR THYROID,Unidentified/Other
ASPOGEN-SKOPYL,Unidentified/Other
CAREFLEX RINGERSLOESUNG,Unidentified/Other
COFFEIN,Unidentified/Other
CORTICOSTEROIDS,Unidentified/Other
CORTICOSTEROIDS FOR SYSTEMIC USE,Unidentified/Other
CULTURE CARE,Unidentified/Other
DISNAL,Unidentified/Other
DOPAMINE,Unidentified/Other
EZETAL PLUS,Unidentified/Other
FOSCA-D,Unidentified/Other
HALOGENATED HYDROCARBONS,Unidentified/Other
HORMONES,Unidentified/Other
HORMONES AND RELATED AGENTS,Unidentified/Other
INVESTIGATIONAL DRUG,Unidentified/Other
IOFLUPANE (123I),Unidentified/Other
IONIC,Unidentified/Other
IOPAMIDOL,Unidentified/Other
MAXIBONE,Unidentified/Other
MIODAR,Unidentified/Other
NATURE THROID,Unidentified/Other
NEUTRON,Unidentified/Other
NP THYROID,Unidentified/Other
OTHER THERAPEUTIC PRODUCTS,Unidentified/Other
OXYGEN,Unidentified/Other
OZON,Unidentified/Other
PARKINSAN,Unidentified/Other
PHENOL,Unidentified/Other
POLYVINYL ALCOHOL,Unidentified/Other
RECOVER,Unidentified/Other
REFLUX,Unidentified/Other
SENSITIZERS USED IN PHOTODYNAMIC/RADIATION TH,Unidentified/Other
STEM CELLS FROM UMBILICAL CORD BLOOD,Unidentified/Other
STEMBAMAT,Unidentified/Other
SYNVISC,Unidentified/Other
UREA,Urea
UROPYRIDIN,Uropyridin
URSOFALK,Ursodeoxycholic Acid
URSODIOL,Ursodiol 
URSOLIT,Ursodiol 
STELARA,Ustekinumab 
USTEKINUMAB,Ustekinumab 
HERPES SIMPLEX 1 VACCINE,"Vaccine, Other"
TICK-BORNE ENCEPHALITIS VACCINE,"Vaccine, Other"
VACCINES,"Vaccine, Other"
VALACICLOVIR,Valacyclovir Hydrochloride
VALACYCLOVIR,Valacyclovir Hydrochloride
VALACYCLOVIR HYDROCHLORIDE,Valacyclovir Hydrochloride
VALTREX,Valacyclovir Hydrochloride
SODIUM VALPROATE,Valproic Acid 
VALPROAT,Valproic Acid 
VALPROIC ACID,Valproic Acid 
VALRUBICIN,Valrubicin
DIOVAN,Valsartan 
VALSARTAN,Valsartan 
VALSARTAN DURA,Valsartan 
VECTOR,Valsartan 
DIOVAN HCT,Valsartan/ Hydrochlorothiazide 
HYDROCHLOROTHIAZIDE W/VALSARTAN,Valsartan/ Hydrochlorothiazide 
VALSARTAN AND HYDROCHLOROTHIAZIDE,Valsartan/ Hydrochlorothiazide 
VALSARTAN HCTZ,Valsartan/ Hydrochlorothiazide 
VECTOR PLUS,Valsartan/ Hydrochlorothiazide 
VECTORYL PLUS,Valsartan/ Hydrochlorothiazide 
VANCOMYCIN,Vancomycin Hydrochloride
LEVITRA,Vardenafil Hydrochloride
STAXYN,Vardenafil Hydrochloride
VARDENAFIL,Vardenafil Hydrochloride
VARENICLINE,Varenicline Tartrate
ENTYVIO,Vedolizumab 
VELAGLUCERASE ALFA,Velaglucerase Alfa  
EFFEXOR,Venlafaxine Hydrochloride
EFFEXOR XR,Venlafaxine Hydrochloride
TREVILOR,Venlafaxine Hydrochloride
VENLAFAXINA,Venlafaxine Hydrochloride
VENLAFAXINE,Venlafaxine Hydrochloride
VENLAFAXINE HCL,Venlafaxine Hydrochloride
VENLAFAXINE XR,Venlafaxine Hydrochloride
VIEPAX,Venlafaxine Hydrochloride
VERAPAMIL,Verapamil 
VILANTEROL,Vilanterol
VIIBRYD,Vilazodone Hydrochloride
VILAZODONE HYDROCHLORIDE,Vilazodone Hydrochloride
VILDAGLIPTIN,Vildagliptin
ACTIFERRINE,"Vitamins, Various"
ALPHA LIPOIC,"Vitamins, Various"
ALPHA LIPOIC ACID,"Vitamins, Various"
B COMPLEX,"Vitamins, Various"
B VITAMIN COMP,"Vitamins, Various"
B1,"Vitamins, Various"
B-100 COMPLEX,"Vitamins, Various"
B12,"Vitamins, Various"
B-12,"Vitamins, Various"
B50,"Vitamins, Various"
B-50,"Vitamins, Various"
B50 COMPLEX,"Vitamins, Various"
B-COMPLEX,"Vitamins, Various"
BENFOTIAMINE,"Vitamins, Various"
BIOFLAVONOIDS,"Vitamins, Various"
BIOTIN,"Vitamins, Various"
BLOOD BUILDER,"Vitamins, Various"
CALCICARE D3,"Vitamins, Various"
CALCIO CARBONATO,"Vitamins, Various"
CALCIUM,"Vitamins, Various"
CALCIUM & MAGNESIUM PLUS,"Vitamins, Various"
CALCIUM & VITAMIN D,"Vitamins, Various"
CALCIUM + MAGNESIUM,"Vitamins, Various"
CALCIUM + MAGNESIUM + ZINK,"Vitamins, Various"
CALCIUM + VITAMIN D,"Vitamins, Various"
CALCIUM +D,"Vitamins, Various"
CALCIUM +D3,"Vitamins, Various"
CALCIUM +VIT D,"Vitamins, Various"
CALCIUM 600 PLUS VITAMIN D3,"Vitamins, Various"
CALCIUM ANTACID,"Vitamins, Various"
CALCIUM CARBONATE,"Vitamins, Various"
CALCIUM CARBONATE AND VITAMIN D,"Vitamins, Various"
CALCIUM CARBONATE/VITAMIN D3,"Vitamins, Various"
CALCIUM CITRATE,"Vitamins, Various"
CALCIUM CITRATE + D,"Vitamins, Various"
CALCIUM CITRATE MALATE,"Vitamins, Various"
CALCIUM CITRATE MALATE WITH D3,"Vitamins, Various"
CALCIUM D3,"Vitamins, Various"
CALCIUM LACTATE,"Vitamins, Various"
CALCIUM MAGNESIUM,"Vitamins, Various"
CALCIUM MAGNESIUM ZINC,"Vitamins, Various"
CALCIUM PLUS VITAMIN D,"Vitamins, Various"
CALCIUM VITAMIN D,"Vitamins, Various"
CALCIUM W/MAGNESIUM,"Vitamins, Various"
CALCIUM WITH D3,"Vitamins, Various"
CALCIUM WITH VITAMIN D3,"Vitamins, Various"
CAL-D-VITA,"Vitamins, Various"
CALTRATE,"Vitamins, Various"
CALTRATE WITH VITAMIN D,"Vitamins, Various"
CENTRUM,"Vitamins, Various"
CENTRUM FOR WOMEN,"Vitamins, Various"
CENTRUM SILVER,"Vitamins, Various"
CENTRUM SILVER ADULTS 50+,"Vitamins, Various"
CHROMIUM,"Vitamins, Various"
CLONEX,"Vitamins, Various"
CO Q10,"Vitamins, Various"
COENZYME Q10,"Vitamins, Various"
CO-ENZYME Q10,"Vitamins, Various"
COLECALCIFEROL,"Vitamins, Various"
COMPLEX B,"Vitamins, Various"
COPPER,"Vitamins, Various"
COQ 10,"Vitamins, Various"
COQ10,"Vitamins, Various"
COQ-10,"Vitamins, Various"
CORAL CALCIUM PLUS,"Vitamins, Various"
CYANOCOBALAMIN,"Vitamins, Various"
D3,"Vitamins, Various"
D-3,"Vitamins, Various"
D3 VICOTRAT,"Vitamins, Various"
DEKRISTOL,"Vitamins, Various"
DHA,"Vitamins, Various"
DHA OMEGA 3,"Vitamins, Various"
DIALYVITE 3000,"Vitamins, Various"
DRISDOL,"Vitamins, Various"
DUROFERON,"Vitamins, Various"
ENDUR-ACIN,"Vitamins, Various"
ERGOCALCIFEROL,"Vitamins, Various"
ESTER-C,"Vitamins, Various"
FERRASORB,"Vitamins, Various"
FERRITIN,"Vitamins, Various"
FERRO SANOL,"Vitamins, Various"
FERROCAL,"Vitamins, Various"
FERROSANOL,"Vitamins, Various"
FERROUS,"Vitamins, Various"
FERROUS FUMARATE,"Vitamins, Various"
FERROUS GLUCONATE,"Vitamins, Various"
FERROUS SULFATE,"Vitamins, Various"
FOCUS MACULAPRO,"Vitamins, Various"
FOLACID,"Vitamins, Various"
FOLATE,"Vitamins, Various"
FOLATE SODIUM,"Vitamins, Various"
FOLATE SODIUM W/HYDROXOCOBALAMIN HYDROCHLORID,"Vitamins, Various"
FOLBALIN PLUS,"Vitamins, Various"
FOLBIC,"Vitamins, Various"
FOLEX,"Vitamins, Various"
FOLGARD,"Vitamins, Various"
FOLGARD OS,"Vitamins, Various"
FOLIC ACID,"Vitamins, Various"
FOLIC ACID W/HYDROXOCOBALAMIN/PYRIDOXINE HYDR,"Vitamins, Various"
FOLSAN,"Vitamins, Various"
FOLTX,"Vitamins, Various"
GERITOL,"Vitamins, Various"
HIDROFEROL,"Vitamins, Various"
INOSITOL,"Vitamins, Various"
IODINE,"Vitamins, Various"
IODINE PRODUCTS,"Vitamins, Various"
IODINE TINCTURE,"Vitamins, Various"
IRON,"Vitamins, Various"
IRON AND VITAMIN C,"Vitamins, Various"
IRON FOLIC,"Vitamins, Various"
IRON IN OTHER COMBINATIONS,"Vitamins, Various"
ISOTONIX ADVANCED B COMPLEX,"Vitamins, Various"
KALINOR,"Vitamins, Various"
LIPOFLAVONOID,"Vitamins, Various"
MAGNEROT N,"Vitamins, Various"
MAGNESIUM,"Vitamins, Various"
MAGNESIUM AND POTASSIUM ASPARTATE,"Vitamins, Various"
MAGNESIUM ASPARTATE,"Vitamins, Various"
MAGNESIUM CITRATE,"Vitamins, Various"
MAGNESIUM CITRATE MALATE,"Vitamins, Various"
MAGNESIUM GLYCEROPHOSPHATE,"Vitamins, Various"
MAGNESIUM GLYCINATE,"Vitamins, Various"
MAGNESIUM HYDROXIDE,"Vitamins, Various"
MAGNESIUM MALATE,"Vitamins, Various"
MAGNESIUM OXIDE,"Vitamins, Various"
MAGNETRANS,"Vitamins, Various"
MEFLOVAN N,"Vitamins, Various"
METANX,"Vitamins, Various"
METHYLCOBALAMIN,"Vitamins, Various"
METHYLCOBALAMINE W/ALPHA LACTIC ACID,"Vitamins, Various"
MG,"Vitamins, Various"
MILGAMMA,"Vitamins, Various"
MINERAL SUPPLEMENTS,"Vitamins, Various"
MINERALS NOS,"Vitamins, Various"
MITOCHONDRIAL NRG,"Vitamins, Various"
MK 4,"Vitamins, Various"
MOLYBDENUM,"Vitamins, Various"
MTV,"Vitamins, Various"
MULTI VITAMIN WITH FLUORIDE,"Vitamins, Various"
MULTI VITAMINS & MINERALS,"Vitamins, Various"
MULTIPLE VITAMINS WITH MINERALS,"Vitamins, Various"
MULTIVITAMIN,"Vitamins, Various"
MULTIVITAMIN AND MINERAL,"Vitamins, Various"
MULTIVITAMIN AND MINERAL SUPPLEMENT,"Vitamins, Various"
MULTIVITAMIN FOR WOMEN,"Vitamins, Various"
MULTIVITAMIN WITH MINERALS,"Vitamins, Various"
MULTIVITAMINS,"Vitamins, Various"
MULTIVITAMINS W/MINERALS,"Vitamins, Various"
"MULTIVITAMINS, COMBINATIONS","Vitamins, Various"
"MULTIVITAMINS, PLAIN","Vitamins, Various"
NADH,"Vitamins, Various"
NATECAL,"Vitamins, Various"
NICOTINAMIDE,"Vitamins, Various"
OCUVITE PRESERVISION,"Vitamins, Various"
OMEGA,"Vitamins, Various"
OMEGA 3,"Vitamins, Various"
OMEGA 3 6 9 COMPLEX,"Vitamins, Various"
OMEGA 3 COMPLEX,"Vitamins, Various"
OMEGA 3 FISH OIL,"Vitamins, Various"
"OMEGA 3,6,9","Vitamins, Various"
OMEGA-3,"Vitamins, Various"
OMEGA-3 FATTY ACIDS,"Vitamins, Various"
ONE A DAY MENS,"Vitamins, Various"
ONE A DAY WOMEN'S,"Vitamins, Various"
OSCAL D,"Vitamins, Various"
"OTHER VITAMIN PRODUCTS, COMBINATIONS","Vitamins, Various"
PIRIDOXINA,"Vitamins, Various"
POTASSIUM,"Vitamins, Various"
POTASSIUM MAGNESIUM ASPARTATE,"Vitamins, Various"
POTASSIUM PERCHLORATE,"Vitamins, Various"
POTASSIUM TARTRATE,"Vitamins, Various"
PRENATAL,"Vitamins, Various"
PRENATAL VITAMINS,"Vitamins, Various"
PRENATAL WITH FOLIC ACID,"Vitamins, Various"
PRESERVISION,"Vitamins, Various"
PRESERVISION AREDS,"Vitamins, Various"
PURE ENCAPSULATION CALCIUM (MCHA),"Vitamins, Various"
PYRIDOXAL 5-PHOSPHATE MONOHYDRATE,"Vitamins, Various"
PYRIDOXIN,"Vitamins, Various"
PYRIDOXINE,"Vitamins, Various"
RENALTABS,"Vitamins, Various"
RIBOFLAVIN,"Vitamins, Various"
SELENASE,"Vitamins, Various"
SELENIUM,"Vitamins, Various"
SLOW FE,"Vitamins, Various"
SLOW IRON,"Vitamins, Various"
SLOW K,"Vitamins, Various"
SLOW-FE,"Vitamins, Various"
SODIUM CITRATE ACID,"Vitamins, Various"
SOLARAY CALCIUM CITRATE,"Vitamins, Various"
SUPER B COMPLEX,"Vitamins, Various"
TACALCITOL,"Vitamins, Various"
THIAMINE,"Vitamins, Various"
THIAMINE MONONITRATE,"Vitamins, Various"
TOCOTRIENOLS NOS,"Vitamins, Various"
TRACE MINERALS,"Vitamins, Various"
TRIBEMIN,"Vitamins, Various"
TRIOBE,"Vitamins, Various"
TRIPLE MAGNESIUM COMPLEX,"Vitamins, Various"
TROMCARDIN,"Vitamins, Various"
VIT B12,"Vitamins, Various"
VIT C,"Vitamins, Various"
VIT D,"Vitamins, Various"
VIT D3,"Vitamins, Various"
VIT E,"Vitamins, Various"
VIT. E,"Vitamins, Various"
VITACIMIN,"Vitamins, Various"
VITAMIN A,"Vitamins, Various"
VITAMIN A+D3,"Vitamins, Various"
VITAMIN B,"Vitamins, Various"
VITAMIN B 12,"Vitamins, Various"
VITAMIN B COMPLEX,"Vitamins, Various"
VITAMIN B COMPLEX WITH C,"Vitamins, Various"
VITAMIN B NOS,"Vitamins, Various"
VITAMIN B1,"Vitamins, Various"
VITAMIN B-1,"Vitamins, Various"
VITAMIN B12,"Vitamins, Various"
VITAMIN B-12,"Vitamins, Various"
VITAMIN B12 (CYANOCOBALAMIN AND ANALOGUES),"Vitamins, Various"
VITAMIN B15,"Vitamins, Various"
VITAMIN B3,"Vitamins, Various"
VITAMIN B5,"Vitamins, Various"
VITAMIN B6,"Vitamins, Various"
VITAMIN B-6,"Vitamins, Various"
VITAMIN C,"Vitamins, Various"
VITAMIN C W/VITAMIN D NOS/VITAMIN E,"Vitamins, Various"
VITAMIN C WITH ROSE HIPS,"Vitamins, Various"
VITAMIN D,"Vitamins, Various"
VITAMIN D 2000,"Vitamins, Various"
VITAMIN D2,"Vitamins, Various"
VITAMIN D3,"Vitamins, Various"
VITAMIN D3 VITAMIN K1,"Vitamins, Various"
VITAMIN D3 W/PHOSPHORUS W/CALCIUM,"Vitamins, Various"
VITAMIN E,"Vitamins, Various"
VITAMIN E + MAGNESIUM,"Vitamins, Various"
VITAMIN K,"Vitamins, Various"
VITAMIN K NOS,"Vitamins, Various"
VITAMIN K+D,"Vitamins, Various"
VITAMIN K2,"Vitamins, Various"
VITAMINE D,"Vitamins, Various"
"VITAMINS, OTHER COMBINATIONS","Vitamins, Various"
VITRON C,"Vitamins, Various"
WOMEN'S MULTI,"Vitamins, Various"
ZEAXANTHIN,"Vitamins, Various"
ZINC,"Vitamins, Various"
ZINC GLUCONATE,"Vitamins, Various"
ZINC PICOLINATE,"Vitamins, Various"
ZINC SULFATE,"Vitamins, Various"
TRINTELLIX,Vortioxetine Hydrobromide
VORTIOXETINE,Vortioxetine Hydrobromide
WALAVIN,Walavin
COMADIN,Warfarin Sodium
COUMADIN,Warfarin Sodium
JANTOVEN,Warfarin Sodium
WARFARIN,Warfarin Sodium
YELLOW FEVER,Yellow Fever Vaccine
ZAFIRLUKAST,Zafirlukast 
SONATA,Zaleplon 
ZALEPLON,Zaleplon 
UNIZINK,Zinc Acetate
ZIPRASIDONE,Ziprasidone Hydrochloride
ZOFENOPRIL,Zofenopril
ACLASTA,Zoledronic Acid
RECLAST,Zoledronic Acid
ZOMETA,Zoledronic Acid
ZOLMITRIPTAN,Zolmitriptan 
ZOMIG,Zolmitriptan 
AMBIEN,Zolpidem Tartrate
AMBIEN CR,Zolpidem Tartrate
STILNOX,Zolpidem Tartrate
ZODORM,Zolpidem Tartrate
ZOLPIDEM,Zolpidem Tartrate
ZOLPIDEM TARTRATE,Zolpidem Tartrate
ZOLPIMIST,Zolpidem Tartrate
ZONEGRAN,Zonisamide 
ZONISAMIDE,Zonisamide 
XIMOVAN,Zopiclone
ZOPICLON,Zopiclone
ZOPICLONE,Zopiclone
ZOPLICONE,Zopiclone
ZOTRIX,Zostrix
